Id,Charge_Map_Item__c
a03IV00001CwLG8YAN,a01IV00001GLBy3YAH
a03IV00001CwOvVYAV,a01IV00001Anu68YAB
a03IV00001CwR8lYAF,a01IV00001HlJhjYAF
a03IV00001CwYekYAF,a01IV00001HzEVJYA3
a03IV00001CwYelYAF,a01IV00001HzEVJYA3
a03IV00001CwhiEYAR,a01IV00001FbYucYAF
a03IV00001Cwn7WYAR,a01IV00001HyglKYAR
a03IV00001CwoQ9YAJ,a01IV00001DQhkYYAT
a03IV00001CwpfZYAR,a01IV00001Anu67YAB
a03IV00001Cwq8XYAR,a01IV00001GlfE7YAJ
a03IV00001Cwv8FYAR,a01IV00001Eed71YAB
a03IV00001CwxzgYAB,a01IV00001ESloGYAT
a03IV00001CwxziYAB,a01IV00001FRL5iYAH
a03IV00001CwzYYYAZ,a01IV00001ALUpyYAH
a03IV00001Cx7smYAB,a01IV00001HzEVEYA3
a03IV00001CxDczYAF,a01IV00001FCE69YAH
a03IV00001CxEfUYAV,a01IV00001GHoE6YAL
a03IV00001CxHiFYAV,a01IV00001I3oWrYAJ
a03IV00001CxHiGYAV,a01IV00001FizRgYAJ
a03IV00001CxHwnYAF,a01IV00001ADnWCYA1
a03IV00001CxKuaYAF,a01IV00001EKKlPYAX
a03IV00001CxMTLYA3,a01IV00001I3zCDYAZ
a03IV00001CxMYBYA3,a01IV00001ALUpxYAH
a03IV00001CxN1JYAV,a01IV00001F9QetYAF
a03IV00001CxN4TYAV,a01IV00001EeoqSYAR
a03IV00001CxQ3vYAF,a01IV00001FBq2NYAT
a03IV00001CxQboYAF,a01IV00001Cv6vhYAB
a03IV00001CxRw2YAF,a01IV00001HlV7lYAF
a03IV00001CxSQiYAN,a01IV00001Fuw0EYAR
a03IV00001CxTONYA3,a01IV00001Eeq7cYAB
a03IV00001CxTY2YAN,a01IV00001HzEVFYA3
a03IV00001CxUAoYAN,a01IV00001BYHR4YAP
a03IV00001CxVA3YAN,a01IV00001AmA73YAF
a03IV00001CxVV0YAN,a01IV00001F9KcjYAF
a03IV00001CxWfbYAF,a01IV00001GlUAcYAN
a03IV00001CxXBqYAN,a01IV00001AFhT1YAL
a03IV00001CxYPfYAN,a01IV00001GHoE3YAL
a03IV00001CxZDdYAN,a01IV00001ADnWBYA1
a03IV00001Cxa4sYAB,a01IV00001FCE6AYAX
a03IV00001Cxa4tYAB,a01IV00001FCE6AYAX
a03IV00001CxaL0YAJ,a01IV00001EESIWYA5
a03IV00001Cxc6fYAB,a01IV00001ENLzFYAX
a03IV00001CxdXOYAZ,a01IV00001FfvPYYAZ
a03IV00001CxdqkYAB,a01IV00001HbUEXYA3
a03IV00001CxfJ4YAJ,a01IV00001HzEVDYA3
a03IV00001CxfPVYAZ,a01IV00001HzEVBYA3
a03IV00001CxfPWYAZ,a01IV00001HzEVBYA3
a03IV00001CxfVxYAJ,a01IV00001HdmauYAB
a03IV00001CxfXZYAZ,a01IV00001F4r4cYAB
a03IV00001CyviNYAR,a01IV00001GTQn6YAH
a03IV00001DqYiNYAV,a01IV00001HA5XLYA1
a03IV00001Dqf0hYAB,a01IV00001HxljmYAB
a03IV00001Dqlm2YAB,a01IV00001GLVFGYA5
a03IV00001EIXGIYA5,a01IV00001IyARjYAN
a03IV00001EKQaUYAX,a01IV00001F9IkcYAF
a03IV00001EPD9bYAH,a01IV00001K1o6nYAB
a03IV00001EQZ4qYAH,a01IV00001Iyy6YYAR
a03IV00001EQfdKYAT,a01IV00001IzvT9YAJ
a03IV00001ERZh5YAH,a01IV00001IjaR3YAJ
a03IV00001ERmo0YAD,a01IV00001IjCJwYAN
a03IV00001ERv89YAD,a01IV00001Am94OYAR
a03IV00001ES5lmYAD,a01IV00001IjRZ3YAN
a03IV00001ES5lnYAD,a01IV00001IjRZ3YAN
a03IV00001ES5sDYAT,a01IV00001IkRn9YAF
a03IV00001ESrGwYAL,a01IV00001Il1ozYAB
a03IV00001ESs6XYAT,a01IV00001Ij4cTYAR
a03IV00001ESs6YYAT,a01IV00001Ij4cTYAR
a03IV00001EmOvVYAV,a01IV00001JDPTNYA5
a03IV00001GIik5YAD,a01IV00001HqDQNYA3
a03IV00001GIrDvYAL,a01IV00001JPB89YAH
a03IV00001GIrDwYAL,a01IV00001JPB89YAH
a03IV00001GJHt5YAH,a01IV00001EESIUYA5
a03IV00001GJNDiYAP,a01IV00001EESIVYA5
a03IV00001GJNDjYAP,a01IV00001EESIVYA5
a03IV00001GJRZ4YAP,a01IV00001KVPcQYAX
a03IV00001GJY9EYAX,a01IV00001K7uuLYAR
a03IV00001GJaHPYA1,a01IV00001Anu69YAB
a03IV00001GJckbYAD,a01IV00001JPB8CYAX
a03IV00001GJgLCYA1,a01IV00001KnJ0hYAF
a03IV00001GJiGXYA1,a01IV00001JPB8AYAX
a03IV00001GJiGYYA1,a01IV00001JPB8AYAX
a03IV00001GJiJlYAL,a01IV00001JPB8EYAX
a03IV00001GJiLNYA1,a01IV00001K1OHDYA3
a03IV00001GJiObYAL,a01IV00001K1mD3YAJ
a03IV00001GbvDiYAJ,a01IV00001GV6lpYAD
a03IV00001GbvQcYAJ,a01IV00001Ama4aYAB
a03IV00001GbwswYAB,a01IV00001M1TScYAN
a03IV00001GbwsxYAB,a01IV00001M1TScYAN
a03IV00001Gbx10YAB,a01IV00001M1TSbYAN
a03IV00001Gbxk9YAB,a01IV00001AmWSOYA3
a03IV00001GbxllYAB,a01IV00001LkbchYAB
a03IV00001GbxnNYAR,a01IV00001AmWSPYA3
a03IV00001GbxozYAB,a01IV00001KxFi9YAF
a03IV00001GbxqbYAB,a01IV00001LlEPVYA3
a03IV00001GbxtpYAB,a01IV00001IjWFRYA3
a03IV00001GbxvRYAR,a01IV00001LVQfzYAH
a03IV00001Gbxx3YAB,a01IV00001AmXokYAF
a03IV00001Gby0HYAR,a01IV00001ESxUSYA1
a03IV00001Gby1tYAB,a01IV00001L3md0YAB
a03IV00001Gby3VYAR,a01IV00001LH4InYAL
a03IV00001Gby57YAB,a01IV00001L3md1YAB
a03IV00001Gby6jYAB,a01IV00001M1TSdYAN
a03IV00001Gby6kYAB,a01IV00001M1TSdYAN
a03IV00001Gby8LYAR,a01IV00001Fvg7rYAB
a03IV00001Hp8yxYAB,a01IV00001MrX8lYAF
a03IV00001HpDdeYAF,a01IV00001IkZKrYAN
a03IV00001HpETHYA3,a01IV00001MrX8kYAF
a03IV00001HpFItYAN,a01IV00001Ho8uaYAB
a03IV00001HpGOeYAN,a01IV00001Jcy4dYAB
a03IV00001HpGOfYAN,a01IV00001Jcy4dYAB
a03IV00001HpLePYAV,a01IV00001MqBiCYAV
a03IV00001HpLg1YAF,a01IV00001MycBlYAJ
a03IV00001HpLhdYAF,a01IV00001MyGslYAF
a03IV00001HpLjFYAV,a01IV00001MhLC7YAN
a03IV00001IZZ4yYAH,a01IV00001O7gFVYAZ
a03IV00001IZnSzYAL,a01IV00001NAZ6pYAH
a03IV00001IZqy3YAD,a01IV00001N7U5FYAV
a03IV00001IaIzhYAF,a01IV00001NAyYMYA1
a03IV00001IaR0TYAV,a01IV00001Kx4l7YAB
a03IV00001IaVjyYAF,a01IV00001OCeD3YAL
a03IV00001IaWbDYAV,a01IV00001O8wGgYAJ
a03IV00001IaZ62YAF,a01IV00001NADe9YAH
a03IV00001IaZ7dYAF,a01IV00001NY9w2YAD
a03ci00000MAJG2AAP,a01IV00001NoxP0YAJ
a03ci00000MAKIYAA5,a01IV00001OK3D8YAL
a03ci00000MAKIZAA5,a01IV00001OK3D8YAL
a03ci00000MAKIaAAP,a01IV00001PCD0zYAH
a03ci00000MALPtAAP,a01IV00001P2E3DYAV
a03ci00000MALPuAAP,a01IV00001OJUVZYA5
a03ci00000MALPvAAP,a01IV00001OJUVZYA5
a03ci00000MALPwAAP,a01IV00001OJUVZYA5
a03ci00000MALRVAA5,a01IV00001P26s9YAB
a03ci00000MALRXAA5,a01IV00001OJOd2YAH
a03ci00000MALRYAA5,a01IV00001OJOd2YAH
a03ci00000MALRZAA5,a01IV00001OCJQOYA5
a03ci00000MALT7AAP,a01IV00001GHoE4YAL
a03ci00000MALT8AAP,a01IV00001OJszGYAT
a03ci00000MALT9AAP,a01IV00001OJszGYAT
a03ci00000MALTAAA5,a01IV00001OJszGYAT
a03ci00000MALUjAAP,a01IV00001MqBiBYAV
a03ci00000MALWLAA5,a01IV00001HzEVCYA3
a03ci00000MALWMAA5,a01IV00001HzEVCYA3
a03ci00000MALXxAAP,a01IV00001OJJGrYAP
a03ci00000MALXyAAP,a01IV00001OJJGrYAP
a03ci00000MALXzAAP,a01IV00001OJJGrYAP
a03ci00000MALZZAA5,a01IV00001OJVkzYAH
a03ci00000MALZaAAP,a01IV00001OJVkzYAH
a03ci00000MALZbAAP,a01IV00001OJVkzYAH
a03ci00000MALbBAAX,a01IV00001OK1T3YAL
a03ci00000MALbCAAX,a01IV00001OK1T3YAL
a03ci00000MALbDAAX,a01IV00001OK1T3YAL
a03ci00000MALcnAAH,a01IV00001OJNSTYA5
a03ci00000MALcoAAH,a01IV00001OJNSTYA5
a03ci00000MALcpAAH,a01IV00001OJNSTYA5
a03ci00000MALcqAAH,a01IV00001Fi7ZbYAJ
a03ci00000MALePAAX,a01IV00001OIoiYYAT
a03ci00000MALeQAAX,a01IV00001OIoiYYAT
a03ci00000MALeRAAX,a01IV00001OIoiYYAT
a03ci00000MALg1AAH,a01IV00001OJlUmYAL
a03ci00000MALg2AAH,a01IV00001OJlUmYAL
a03ci00000MALhdAAH,a01IV00001OIYGwYAP
a03ci00000MALheAAH,a01IV00001OIYGwYAP
a03ci00000MALhfAAH,a01IV00001OIYGwYAP
a03ci00000MALhgAAH,a01IV00001P20OSYAZ
a03ci00000MALjFAAX,a01IV00001OJyQMYA1
a03ci00000MALjGAAX,a01IV00001OJyQMYA1
a03ci00000MALkrAAH,a01IV00001OK1ZVYA1
a03ci00000MALksAAH,a01IV00001OK1ZVYA1
a03ci00000MALmTAAX,a01IV00001OIjq1YAD
a03ci00000MALmUAAX,a01IV00001OIjq1YAD
a03ci00000MALmVAAX,a01IV00001OIjq1YAD
a03ci00000MALo5AAH,a01IV00001OJ5YpYAL
a03ci00000MALo6AAH,a01IV00001OJ5YpYAL
a03ci00000MALphAAH,a01IV00001OJl3NYAT
a03ci00000MALpiAAH,a01IV00001OJl3NYAT
a03ci00000MALpjAAH,a01IV00001OJl3NYAT
a03ci00000MALrJAAX,a01IV00001OCJQPYA5
a03ci00000MALsvAAH,a01IV00001Os0g8YAB
a03ci00000MALuXAAX,a01IV00001Oi9KdYAJ
a03ci00000MALw9AAH,a01IV00001P2RwaYAF
a03ci00000MALxlAAH,a01ci00000PchS9AAJ
a03ci00000MALzNAAX,a01IV00001Fi7ZYYAZ
a03ci00000MALzOAAX,a01IV00001Fi7ZYYAZ
a03ci00000MAM0zAAH,a01IV00001ADleRYAT
a03ci00000MFL98AAH,a01IV00001FIsDkYAL
a03ci00000MFN9KAAX,a01IV00001ADleQYAT
a03ci00000MFW9QAAX,a01ci00000PppAAAAZ
a03ci00000MFbPFAA1,a01IV00001FIinqYAD
a03ci00000MFfZGAA1,a01IV00001Jg8x0YAB
a03ci00000MLhOfAAL,a01ci00000PiKSsAAN
a03ci00000MLhQHAA1,a01IV00001AmgrWYAR
a03ci00000MLhRtAAL,a01IV00001AmC75YAF
a03ci00000MLhRuAAL,a01IV00001AmC75YAF
a03ci00000MLhTVAA1,a01IV00001AmfvVYAR
a03ci00000MLhV7AAL,a01IV00001AmZwZYAV
a03ci00000MpBUcAAN,a01IV00001AFhT5YAL
a03ci00000MpEqfAAF,a01IV00001AFhT6YAL
a03ci00000MpEttAAF,a01ci00000Pkex5AAB
a03ci00000Mu56sAAB,a01IV00001FBq2LYAT
a03ci00000Mu56tAAB,a01IV00001FBq2LYAT
a03ci00000MuFcPAAV,a01ci00000Q3596AAB
a03ci00000N6rE5AAJ,a01IV00001GLHPAYA5
a03ci00000N9rvtAAB,a01ci00000Qk3rxAAB
a03ci00000NhVGFAA3,a01IV00001ADEs1YAH
a03ci00000Nhb3vAAB,a01ci00000QBmjtAAD
a03ci00000Nhd7LAAR,a01ci00000Qaf8xAAB
a03ci00000OBJ38AAH,a01IV00001OFWFnYAP
a03ci00000OBJ39AAH,a01IV00001OFWFnYAP
a03ci00000OBJ3AAAX,a01IV00001OFWFnYAP
a03ci00000OBJ4kAAH,a01ci00000Pkf1WAAR
a03ci00000OBJ4lAAH,a01ci00000Pkf1WAAR
a03ci00000OBJ4mAAH,a01ci00000Q3dIaAAJ
a03ci00000OBJ4nAAH,a01ci00000Q3dIaAAJ
a03ci00000OBJ4oAAH,a01ci00000PkexRAAR
a03ci00000OBJUYAA5,a01ci00000Q3dIIAAZ
a03ci00000OBJUZAA5,a01ci00000Q3dIIAAZ
a03ci00000OBKooAAH,a01ci00000PkeyGAAR
a03ci00000OBLMhAAP,a01ci00000PkexpAAB
a03ci00000OBLbCAAX,a01ci00000PkexgAAB
a03ci00000OBLbDAAX,a01ci00000PkexgAAB
a03ci00000OBLbEAAX,a01ci00000PkexgAAB
a03ci00000OBLbFAAX,a01ci00000PkexgAAB
a03ci00000OBNA1AAP,a01ci00000PjMSwAAN
a03ci00000OBNA2AAP,a01ci00000PjMSwAAN
a03ci00000OBO1CAAX,a01ci00000PjMTIAA3
a03ci00000OBOAsAAP,a01ci00000PjMShAAN
a03ci00000OBP5KAAX,a01ci00000PkevqAAB
a03ci00000OBP5LAAX,a01ci00000PkevqAAB
a03ci00000OBP5MAAX,a01ci00000Pkf0lAAB
a03ci00000OBPJqAAP,a01ci00000Pkf10AAB
a03ci00000OBPJrAAP,a01ci00000Pkf10AAB
a03ci00000OBPRuAAP,a01ci00000PkewwAAB
a03ci00000OBQPaAAP,a01ci00000PjMTDAA3
a03ci00000OBQRCAA5,a01ci00000PkexYAAR
a03ci00000OBQRDAA5,a01ci00000PkexYAAR
a03ci00000OBQSoAAP,a01ci00000PkexlAAB
a03ci00000OBQasAAH,a01ci00000Q3dIcAAJ
a03ci00000OBQatAAH,a01ci00000Q3dIcAAJ
a03ci00000OBQauAAH,a01ci00000PjMT9AAN
a03ci00000OBQiwAAH,a01ci00000PkexlAAB
a03ci00000OBQnmAAH,a01ci00000PjMSkAAN
a03ci00000OBQpOAAX,a01ci00000Pkf1nAAB
a03ci00000OBQvpAAH,a01ci00000Q3dIHAAZ
a03ci00000OBQxRAAX,a01ci00000PkewaAAB
a03ci00000OBQxSAAX,a01ci00000PkewaAAB
a03ci00000OBQxTAAX,a01ci00000PkewaAAB
a03ci00000OBQz3AAH,a01ci00000PkexlAAB
a03ci00000OBQz4AAH,a01ci00000Pkf0rAAB
a03ci00000OBR0fAAH,a01ci00000PkevZAAR
a03ci00000OBR0gAAH,a01ci00000PkevZAAR
a03ci00000OBR0hAAH,a01ci00000PkevZAAR
a03ci00000OBR0iAAH,a01ci00000PkevZAAR
a03ci00000OBR2HAAX,a01ci00000PkeyOAAR
a03ci00000OBR3tAAH,a01ci00000PjMT1AAN
a03ci00000OBR3uAAH,a01ci00000PjMT1AAN
a03ci00000OBR3vAAH,a01ci00000PjMT1AAN
a03ci00000OBR3wAAH,a01ci00000Pkf1tAAB
a03ci00000OBR5VAAX,a01ci00000Q3eGZAAZ
a03ci00000OBR5WAAX,a01ci00000Q3eGZAAZ
a03ci00000OBR77AAH,a01ci00000Pkf16AAB
a03ci00000OBR78AAH,a01ci00000Pkf16AAB
a03ci00000OBR79AAH,a01ci00000Pkf16AAB
a03ci00000OBR8jAAH,a01ci00000PjMSzAAN
a03ci00000OBR8kAAH,a01ci00000PkeyIAAR
a03ci00000OBRALAA5,a01ci00000Q3urwAAB
a03ci00000OBRAMAA5,a01ci00000Q3urwAAB
a03ci00000OBRBxAAP,a01ci00000Pkf1NAAR
a03ci00000OBRByAAP,a01ci00000Pkf1NAAR
a03ci00000OBRBzAAP,a01ci00000Pkf1NAAR
a03ci00000OBRDZAA5,a01ci00000PkewxAAB
a03ci00000OBRFBAA5,a01ci00000Pkex2AAB
a03ci00000OBRFCAA5,a01ci00000Pkex2AAB
a03ci00000OBRFDAA5,a01ci00000Pkex2AAB
a03ci00000OBRGnAAP,a01ci00000QV7hQAAT
a03ci00000OBRGoAAP,a01ci00000QV7hQAAT
a03ci00000OBRGpAAP,a01ci00000QV7hQAAT
a03ci00000OBRGqAAP,a01ci00000QV7hQAAT
a03ci00000OBRGrAAP,a01ci00000QV7hQAAT
a03ci00000OBRIPAA5,a01ci00000Pkey4AAB
a03ci00000OBRIQAA5,a01ci00000Pkey4AAB
a03ci00000OBRIRAA5,a01ci00000Pkf1GAAR
a03ci00000OBRK1AAP,a01ci00000Q3dIQAAZ
a03ci00000OBRK2AAP,a01ci00000Q3dIQAAZ
a03ci00000OBRK3AAP,a01ci00000Pkf19AAB
a03ci00000OBRLdAAP,a01ci00000Pkf0fAAB
a03ci00000OBRNFAA5,a01ci00000PjMSnAAN
a03ci00000OBRNGAA5,a01ci00000PjMSnAAN
a03ci00000OBRNHAA5,a01ci00000PjMSnAAN
a03ci00000OBROrAAP,a01ci00000PkexHAAR
a03ci00000OBROsAAP,a01ci00000PkexHAAR
a03ci00000OBROtAAP,a01ci00000PjMSqAAN
a03ci00000OBROuAAP,a01ci00000PjMSqAAN
a03ci00000OBRQTAA5,a01ci00000Pkf0xAAB
a03ci00000OBRS5AAP,a01ci00000PkevRAAR
a03ci00000OBRThAAP,a01ci00000Pkf2KAAR
a03ci00000OBRTiAAP,a01ci00000Pkf2KAAR
a03ci00000OBRYXAA5,a01ci00000PjMT4AAN
a03ci00000OBRblAAH,a01ci00000PjMTMAA3
a03ci00000OBRezAAH,a01ci00000Pkf28AAB
a03ci00000OBRgbAAH,a01ci00000Pkf1nAAB
a03ci00000OBRgcAAH,a01ci00000Q3dIOAAZ
a03ci00000OBRgdAAH,a01ci00000Q3dIOAAZ
a03ci00000OBRiDAAX,a01ci00000PjMT7AAN
a03ci00000OBRjpAAH,a01ci00000PjMTGAA3
a03ci00000OBRlRAAX,a01ci00000Q3dIiAAJ
a03ci00000OBRlSAAX,a01ci00000Q3dIiAAJ
a03ci00000OBRn3AAH,a01ci00000PjMSjAAN
a03ci00000OBRofAAH,a01ci00000PjMTEAA3
a03ci00000OBRqHAAX,a01ci00000PjMT5AAN
a03ci00000OGbDuAAL,a01ci00000Q3dIeAAJ
a03ci00000OGbDvAAL,a01ci00000Q3dIeAAJ
a03ci00000OGkfSAAT,a01ci00000Q3dISAAZ
a03ci00000OGkfTAAT,a01ci00000Q3dISAAZ
a03ci00000OGmUHAA1,a01IV00001GLVFFYA5
a03ci00000OGmVtAAL,a01ci00000Pkf2OAAR
a03ci00000OGmXVAA1,a01ci00000Pkf0FAAR
a03ci00000OGmZ7AAL,a01ci00000S4E9CAAV
a03ci00000OGmZ8AAL,a01ci00000Rba3NAAR
a03ci00000OGmajAAD,a01ci00000PjMTNAA3
a03ci00000OGmakAAD,a01ci00000PjMTNAA3
a03ci00000OGmcLAAT,a01ci00000PjMTJAA3
a03ci00000OGmdxAAD,a01ci00000Q3dIWAAZ
a03ci00000OGmfZAAT,a01ci00000RnlXjAAJ
a03ci00000OGmhBAAT,a01ci00000Q3ureAAB
a03ci00000OGmkPAAT,a01IV00001AFhT9YAL
a03ci00000OGmm1AAD,a01ci00000PjMT6AAN
a03ci00000OGmndAAD,a01ci00000PjMSmAAN
a03ci00000OM9RqAAL,a01ci00000PkeyPAAR
a03ci00000OM9RrAAL,a01ci00000PkeyPAAR
a03ci00000OM9RsAAL,a01ci00000PkeyPAAR
a03ci00000OM9WgAAL,a01ci00000Pkf0EAAR
a03ci00000OM9y6AAD,a01ci00000PkexPAAR
a03ci00000OM9y7AAD,a01ci00000PkexPAAR
a03ci00000OMA1KAAX,a01ci00000Q3Q3pAAF
a03ci00000OMAEFAA5,a01ci00000RiKMsAAN
a03ci00000OMAanAAH,a01ci00000Q3dIgAAJ
a03ci00000OMAaoAAH,a01ci00000Q3dIgAAJ
a03ci00000OMAcPAAX,a01ci00000Q3urtAAB
a03ci00000OMAcQAAX,a01ci00000Pkf0HAAR
a03ci00000OMAcRAAX,a01ci00000Pkf0HAAR
a03ci00000OMAe1AAH,a01ci00000PjMSfAAN
a03ci00000OMAfdAAH,a01ci00000PjMTFAA3
a03ci00000OMAhFAAX,a01ci00000PkewKAAR
a03ci00000OMAhGAAX,a01ci00000PkewKAAR
a03ci00000OMAhHAAX,a01ci00000PkewKAAR
a03ci00000OMAirAAH,a01ci00000PjMTCAA3
a03ci00000OMAkTAAX,a01ci00000PjMSdAAN
a03ci00000OMAkUAAX,a01ci00000PjMSdAAN
a03ci00000OMAm5AAH,a01IV00001FftNgYAJ
a03ci00000OMAnhAAH,a01ci00000PjMSiAAN
a03ci00000OMApJAAX,a01ci00000PjMSyAAN
a03ci00000OMAqvAAH,a01ci00000PjMSgAAN
a03ci00000OMAsXAAX,a01ci00000PjMT8AAN
a03ci00000OMAu9AAH,a01ci00000PjMSsAAN
a03ci00000OMAuAAAX,a01ci00000PjMSsAAN
a03ci00000OMAuBAAX,a01ci00000PjMSsAAN
a03ci00000OMAxNAAX,a01ci00000Pkf2NAAR
a03ci00000OMAyzAAH,a01ci00000Pkew4AAB
a03ci00000OMB0bAAH,a01ci00000PkevPAAR
a03ci00000OMB0cAAH,a01ci00000PkevPAAR
a03ci00000OMB2DAAX,a01ci00000Pkf0CAAR
a03ci00000OMB3pAAH,a01ci00000PkewfAAB
a03ci00000OMB3qAAH,a01ci00000PkewfAAB
a03ci00000OMB3rAAH,a01ci00000PkewfAAB
a03ci00000OMB5RAAX,a01ci00000PkewDAAR
a03ci00000ORbVVAA1,a01ci00000Q3dHsAAJ
a03ci00000ORbX7AAL,a01ci00000Pkew0AAB
a03ci00000ORbYjAAL,a01ci00000Q3dINAAZ
a03ci00000ORbaLAAT,a01ci00000Q3urbAAB
a03ci00000ORbbxAAD,a01ci00000Pkf22AAB
a03ci00000ORbbyAAD,a01ci00000Pkf22AAB
a03ci00000ORbbzAAD,a01ci00000Pkf22AAB
a03ci00000ORbc0AAD,a01ci00000Pkf22AAB
a03ci00000ORbc1AAD,a01ci00000Pkf22AAB
a03ci00000ORbdZAAT,a01ci00000Rh20dAAB
a03ci00000ORbfBAAT,a01ci00000RiKMrAAN
a03ci00000ORbgnAAD,a01ci00000RhN55AAF
a03ci00000OWzNVAA1,a01IV00001Oi9KeYAJ
a03ci00000OWzP7AAL,a01ci00000PjMSlAAN
a03ci00000OWzQjAAL,a01ci00000PjMTHAA3
a03ci00000OWzSLAA1,a01ci00000Q3dHtAAJ
a03ci00000OWzTxAAL,a01ci00000Pkf1RAAR
a03ci00000OWzVZAA1,a01ci00000PkexxAAB
a03ci00000OWzXBAA1,a01ci00000Pkf2DAAR
a03ci00000OWzYnAAL,a01ci00000Pkf0ZAAR
a03ci00000OWzaPAAT,a01ci00000Pkf0YAAR
a03ci00000OWzc1AAD,a01ci00000Pkew5AAB
a03ci00000OWzc2AAD,a01ci00000Pkew5AAB
a03ci00000OWzddAAD,a01ci00000Pkew1AAB
a03ci00000OWzfFAAT,a01ci00000PkevuAAB
a03ci00000OWzgrAAD,a01ci00000PkevOAAR
a03ci00000OWziTAAT,a01ci00000Pkf2FAAR
a03ci00000OWzk5AAD,a01ci00000PkexfAAB
a03ci00000OWzlhAAD,a01ci00000Pkf0mAAB
a03ci00000OWznJAAT,a01ci00000PkevNAAR
a03ci00000OWzovAAD,a01ci00000PkewUAAR
a03ci00000OWzowAAD,a01ci00000PkewUAAR
a03ci00000OWzoxAAD,a01ci00000PkewUAAR
a03ci00000OWzqXAAT,a01ci00000PkexqAAB
a03ci00000OWzqYAAT,a01ci00000PkexqAAB
a03ci00000OWzqZAAT,a01ci00000PkexqAAB
a03ci00000OWzs9AAD,a01ci00000Pkf1aAAB
a03ci00000OWzsAAAT,a01ci00000Pkf1aAAB
a03ci00000OWzsBAAT,a01ci00000Pkf1aAAB
a03ci00000OWzsCAAT,a01ci00000Pkf1aAAB
a03ci00000OWzsDAAT,a01ci00000Pkf1uAAB
a03ci00000OWztlAAD,a01ci00000Pkf0BAAR
a03ci00000OWzvNAAT,a01ci00000PkexUAAR
a03ci00000OWzwzAAD,a01ci00000Pkf0tAAB
a03ci00000OX00DAAT,a01ci00000Pkf0jAAB
a03ci00000OX01pAAD,a01ci00000PkevLAAR
a03ci00000OX03RAAT,a01ci00000PkewAAAR
a03ci00000OX053AAD,a01ci00000Pkf1lAAB
a03ci00000OX06fAAD,a01ci00000Pkf1dAAB
a03ci00000Oc1gPAAR,a01ci00000Q3dHpAAJ
a03ci00000Oc1gQAAR,a01ci00000Q3dHpAAJ
a03ci00000Oc1i1AAB,a01ci00000Pkf12AAB
a03ci00000Oc1i2AAB,a01ci00000Pkf12AAB
a03ci00000Oc1i3AAB,a01ci00000Pkf12AAB
a03ci00000Oc1jdAAB,a01ci00000PkexVAAR
a03ci00000Oc1jeAAB,a01ci00000PkexVAAR
a03ci00000Oc1lFAAR,a01ci00000PkexSAAR
a03ci00000Oc1lGAAR,a01ci00000PkexSAAR
a03ci00000Oc1lHAAR,a01ci00000Q3urgAAB
a03ci00000Oc1lIAAR,a01ci00000Q3urgAAB
a03ci00000Oc1lJAAR,a01ci00000Q3urgAAB
a03ci00000Oc1mrAAB,a01ci00000Pkf1IAAR
a03ci00000Oc1oTAAR,a01ci00000Pkf0uAAB
a03ci00000Oc1oUAAR,a01ci00000Pkf0uAAB
a03ci00000Oc1q5AAB,a01ci00000Pkf1wAAB
a03ci00000Oc1q6AAB,a01ci00000Pkf1wAAB
a03ci00000Oc1q7AAB,a01ci00000Pkf1wAAB
a03ci00000Oc1rhAAB,a01ci00000PkfjPAAR
a03ci00000Oc1riAAB,a01ci00000PkfjPAAR
a03ci00000Oc1tJAAR,a01ci00000PkewRAAR
a03ci00000Oc1uvAAB,a01ci00000Q3dHdAAJ
a03ci00000Oc1uwAAB,a01ci00000Q3dHdAAJ
a03ci00000OhkkvAAB,a01ci00000PkewtAAB
a03ci00000OhkmXAAR,a01ci00000PkevsAAB
a03ci00000OhkmYAAR,a01ci00000PkevsAAB
a03ci00000OnJyAAAV,a01ci00000PkeyFAAR
a03ci00000OnKvsAAF,a01ci00000PkevXAAR
a03ci00000OnKvtAAF,a01ci00000PkevXAAR
a03ci00000OnP5uAAF,a01ci00000PkexXAAR
a03ci00000OnP97AAF,a01ci00000PkexiAAB
a03ci00000OnPAjAAN,a01ci00000PkexiAAB
a03ci00000OnPAkAAN,a01ci00000Q3dHJAAZ
a03ci00000OnPAlAAN,a01ci00000Q3dHJAAZ
a03ci00000OnPAmAAN,a01ci00000Q3dHJAAZ
a03ci00000OnPCLAA3,a01ci00000Pkf0JAAR
a03ci00000OnPCMAA3,a01ci00000Pkf0JAAR
a03ci00000OnPDxAAN,a01ci00000PkevSAAR
a03ci00000OsnVmAAJ,a01ci00000Pkf0OAAR
a03ci00000OsqgXAAR,a01ci00000PkevVAAR
a03ci00000OsqgYAAR,a01ci00000Q3urfAAB
a03ci00000Osqi9AAB,a01ci00000Pkey3AAB
a03ci00000OsqiAAAR,a01ci00000Pkey3AAB
a03ci00000OsqjlAAB,a01ci00000PkewzAAB
a03ci00000OsqjmAAB,a01ci00000PkewzAAB
a03ci00000OsqjnAAB,a01ci00000PkewzAAB
a03ci00000OsqlNAAR,a01ci00000Pkew7AAB
a03ci00000OsqmzAAB,a01ci00000Pkf1YAAR
a03ci00000Osqn0AAB,a01ci00000Pkf1YAAR
a03ci00000Osqn1AAB,a01ci00000Pkf1YAAR
a03ci00000OsqobAAB,a01ci00000QWKUVAA5
a03ci00000OsqocAAB,a01ci00000QWKUVAA5
a03ci00000OsqqDAAR,a01ci00000Pkf0GAAR
a03ci00000OsqrpAAB,a01ci00000PkevfAAB
a03ci00000OyVxaAAF,a01ci00000Pkex7AAB
a03ci00000OyYDuAAN,a01ci00000PkeyJAAR
a03ci00000OyYH7AAN,a01ci00000PkexaAAB
a03ci00000OyYIjAAN,a01ci00000PkevWAAR
a03ci00000OyYKLAA3,a01ci00000Pkf0LAAR
a03ci00000OyYLxAAN,a01ci00000Pkf0hAAB
a03ci00000OyYLyAAN,a01ci00000Pkf0hAAB
a03ci00000OyYNZAA3,a01ci00000PkevgAAB
a03ci00000OyYPBAA3,a01ci00000PkewhAAB
a03ci00000OyYPCAA3,a01ci00000PkewhAAB
a03ci00000OyYQnAAN,a01ci00000Pkf1HAAR
a03ci00000OyYSPAA3,a01ci00000PkexbAAB
a03ci00000OyYU1AAN,a01ci00000PkexoAAB
a03ci00000OyYVdAAN,a01ci00000PkeyHAAR
a03ci00000OyYXFAA3,a01ci00000PkexwAAB
a03ci00000OyYYrAAN,a01ci00000PkewBAAR
a03ci00000OyYYsAAN,a01ci00000PkewBAAR
a03ci00000P3ndiAAB,a01ci00000PkewGAAR
a03ci00000P3ndjAAB,a01ci00000PkewGAAR
a03ci00000P3np0AAB,a01ci00000Pkf2EAAR
a03ci00000P3pagAAB,a01ci00000PkevMAAR
a03ci00000P3pfWAAR,a01ci00000Q3dHjAAJ
a03ci00000P3qyCAAR,a01ci00000Q3dHRAAZ
a03ci00000P3qyDAAR,a01ci00000Q3dHRAAZ
a03ci00000P3rW1AAJ,a01ci00000Q3dHHAAZ
a03ci00000P3rW2AAJ,a01ci00000Q3dHHAAZ
a03ci00000P3rXdAAJ,a01ci00000Pkf0nAAB
a03ci00000P3rXeAAJ,a01ci00000Pkf0nAAB
a03ci00000P3rXfAAJ,a01ci00000Pkf0nAAB
a03ci00000P3rZFAAZ,a01IV00001OtNbzYAF
a03ci00000P3rarAAB,a01ci00000PkexCAAR
a03ci00000P3rcTAAR,a01ci00000PkexLAAR
a03ci00000P3rcUAAR,a01ci00000PkexLAAR
a03ci00000P3re5AAB,a01ci00000Pkf0sAAB
a03ci00000P3rfhAAB,a01ci00000Pkf1vAAB
a03ci00000P3rhJAAR,a01ci00000Pkf0PAAR
a03ci00000P3rhKAAR,a01ci00000Pkf0PAAR
a03ci00000P3rivAAB,a01ci00000Pkf1SAAR
a03ci00000P3riwAAB,a01ci00000Pkf1SAAR
a03ci00000P3rkXAAR,a01ci00000Pkf1MAAR
a03ci00000P3rm9AAB,a01ci00000PkeyBAAR
a03ci00000P3rnlAAB,a01ci00000PkewTAAR
a03ci00000P3rpNAAR,a01ci00000Pkf0kAAB
a03ci00000P3rqzAAB,a01ci00000Pkf2JAAR
a03ci00000P3rsbAAB,a01ci00000Q3usSAAR
a03ci00000P3rscAAB,a01ci00000Q3usSAAR
a03ci00000P3ruDAAR,a01ci00000PkevcAAB
a03ci00000PCg3XAAT,a01ci00000RjjB9AAJ
a03ci00000PChKbAAL,a01ci00000S4nzhAAB
a03ci00000PChUEAA1,a01ci00000SN39yAAD
a03ci00000PCiv1AAD,a01ci00000RkQpZAAV
a03ci00000PCj1PAAT,a01ci00000PkeyKAAR
a03ci00000PCjJ9AAL,a01ci00000PkewqAAB
a03ci00000PCnhiAAD,a01ci00000RBiXdAAL
a03ci00000PCp20AAD,a01ci00000Pkf1kAAB
a03ci00000PCpehAAD,a01ci00000SGJPzAAP
a03ci00000PCuKzAAL,a01ci00000S3LixAAF
a03ci00000PCuMbAAL,a01ci00000PkevpAAB
a03ci00000PCuODAA1,a01ci00000Q3eGjAAJ
a03ci00000PIbKUAA1,a01ci00000QV93GAAT
a03ci00000PIeAIAA1,a01ci00000QUyqzAAD
a03ci00000PIi0zAAD,a01ci00000Pkf0gAAB
a03ci00000PIi2bAAD,a01ci00000PkewEAAR
a03ci00000PIi2cAAD,a01ci00000PkewEAAR
a03ci00000PIi4DAAT,a01ci00000Q3dHkAAJ
a03ci00000PIi4EAAT,a01ci00000Q3dHkAAJ
a03ci00000POExuAAH,a01ci00000Q3dHXAAZ
a03ci00000POExvAAH,a01ci00000Q3dHXAAZ
a03ci00000POF5xAAH,a01IV00001FizReYAJ
a03ci00000POF5yAAH,a01IV00001FizReYAJ
a03ci00000POF7ZAAX,a01ci00000PkewmAAB
a03ci00000POF9BAAX,a01ci00000PkeyLAAR
a03ci00000POFAnAAP,a01ci00000Q3dHZAAZ
a03ci00000POFAoAAP,a01ci00000Q3dHZAAZ
a03ci00000POFCPAA5,a01ci00000RW7DKAA1
a03ci00000POFE1AAP,a01ci00000Pkf0wAAB
a03ci00000PTgaBAAT,a01ci00000SBk5pAAD
a03ci00000PTkSUAA1,a01IV00001BYHR5YAP
a03ci00000PTmR5AAL,a01ci00000PkewSAAR
a03ci00000PTmR6AAL,a01ci00000PkewSAAR
a03ci00000PTsQ2AAL,a01ci00000Pkf0eAAB
a03ci00000PTx1VAAT,a01ci00000SUcSkAAL
a03ci00000PTx37AAD,a01ci00000SG0SBAA1
a03ci00000PTx4jAAD,a01IV00001ALUpwYAH
a03ci00000PTx9ZAAT,a01ci00000QQLt3AAH
a03ci00000PTxBBAA1,a01IV00001BYHR3YAP
a03ci00000PTxCnAAL,a01ci00000Rh20cAAB
a03ci00000PiaZKAAZ,a01IV00001DLZxNYAX
a03ci00000Piae9AAB,a01ci00000TWOBOAA5
a03ci00000PicKwAAJ,a01ci00000Q3urdAAB
a03ci00000PidyYAAR,a01ci00000Rk5V1AAJ
a03ci00000PieD6AAJ,a01ci00000TitUlAAJ
a03ci00000PimXEAAZ,a01ci00000TUgabAAD
a03ci00000PineZAAR,a01ci00000TPPNWAA5
a03ci00000PineaAAB,a01ci00000TPPNWAA5
a03ci00000PinebAAB,a01ci00000TPPNWAA5
a03ci00000PioyoAAB,a01ci00000Q3eGbAAJ
a03ci00000PioypAAB,a01ci00000Q3eGbAAJ
a03ci00000PiqqwAAB,a01ci00000Tj83yAAB
a03ci00000PirQPAAZ,a01ci00000Q3us3AAB
a03ci00000PirQQAAZ,a01ci00000Q3us3AAB
a03ci00000PirS1AAJ,a01ci00000Su9EzAAJ
a03ci00000PirTdAAJ,a01ci00000TK2ZdAAL
a03ci00000PirVFAAZ,a01ci00000TjIHpAAN
a03ci00000PirWrAAJ,a01ci00000TjGzBAAV
a03ci00000PirYTAAZ,a01IV00001DLZxMYAX
a03ci00000QLFJeAAP,a01ci00000U96PtAAJ
a03ci00000QLK81AAH,a01ci00000U96PtAAJ
a03ci00000QLK9dAAH,a01ci00000U98Y9AAJ
a03ci00000QLK9eAAH,a01ci00000U98Y9AAJ
a03ci00000QLKBFAA5,a01ci00000U96PtAAJ
a03ci00000QLKCrAAP,a01ci00000U96PtAAJ
a03ci00000QLKG5AAP,a01ci00000U96PtAAJ
a03ci00000QLKKvAAP,a01ci00000Pkf1UAAR
a03ci00000QLKKwAAP,a01ci00000Pkf1UAAR
a03ci00000QLKMXAA5,a01ci00000PkevQAAR
a03ci00000QLKO9AAP,a01ci00000Pkf0DAAR
a03ci00000QLKOAAA5,a01ci00000Pkf0DAAR
a03ci00000QLKPlAAP,a01ci00000Pkf0NAAR
a03ci00000QLKSzAAP,a01ci00000PkexAAAR
a03ci00000QLKT0AAP,a01ci00000PkexAAAR
a03ci00000QLKUbAAP,a01ci00000Q3dIYAAZ
a03ci00000QLKUcAAP,a01ci00000Q3dIYAAZ
a03ci00000QLKWDAA5,a01IV00001GLVFJYA5
a03ci00000QLKXpAAP,a01ci00000Pkf1LAAR
a03ci00000QLKb3AAH,a01IV00001GxRfCYAV
a03ci00000QRCJ6AAP,a01IV00001GLHPBYA5
a03ci00000QREfrAAH,a01ci00000UVIU1AAP
a03ci00000QRGPuAAP,a01IV00001GLVFLYA5
a03ci00000QRGPvAAP,a01IV00001Fvg7sYAB
a03ci00000QRGPwAAP,a01IV00001Fvg7sYAB
a03ci00000QRKgPAAX,a01ci00000PkexcAAB
a03ci00000QRKlFAAX,a01ci00000Q3usOAAR
a03ci00000QRKmrAAH,a01ci00000Q3usQAAR
a03ci00000QRKoTAAX,a01IV00001Fvg7pYAB
a03ci00000QbhofAAB,a01ci00000Pkf0aAAB
a03ci00000QboV8AAJ,a01IV00001AmF1lYAF
a03ci00000QboV9AAJ,a01ci00000Pkf0qAAB
a03ci00000QbqIPAAZ,a01ci00000TrwzfAAB
a03ci00000QlgqqAAB,a01ci00000Q3urpAAB
a03ci00000QlgqrAAB,a01ci00000Q3urpAAB
a03ci00000QlgqsAAB,a01ci00000Q3urpAAB
a03ci00000Qm2gVAAR,a01ci00000UdSHiAAN
a03ci00000Qm3UWAAZ,a01ci00000Tdf4EAAR
a03ci00000Qm3pTAAR,a01ci00000UE0tJAAT
a03ci00000Qm4OwAAJ,a01ci00000U95f8AAB
a03ci00000Qm6k6AAB,a01ci00000Te22PAAR
a03ci00000Qm7HyAAJ,a01ci00000Tu455AAB
a03ci00000Qm8nVAAR,a01ci00000UaW6aAAF
a03ci00000Qm8sLAAR,a01ci00000T6SAcAAN
a03ci00000Qm8vZAAR,a01ci00000TRQTxAAP
a03ci00000Qm90QAAR,a01ci00000UbZbrAAF
a03ci00000Qm921AAB,a01ci00000UEk06AAD
a03ci00000Qm9DJAAZ,a01ci00000UdSHjAAN
a03ci00000Qm9GXAAZ,a01ci00000TdMfwAAF
a03ci00000Qm9I9AAJ,a01ci00000UbZbsAAF
a03ci00000Qm9YIAAZ,a01ci00000TXY3qAAH
a03ci00000Qm9y5AAB,a01ci00000UdeSYAAZ
a03ci00000QmA1JAAV,a01ci00000UdeSXAAZ
a03ci00000QmA4XAAV,a01ci00000Ud93oAAB
a03ci00000QmA9NAAV,a01ci00000Ud93nAAB
a03ci00000QmACbAAN,a01ci00000Te4KLAAZ
a03ci00000QmAFpAAN,a01ci00000Td1RnAAJ
a03ci00000QmAMHAA3,a01ci00000Q3eGfAAJ
a03ci00000QmAMIAA3,a01ci00000Q3eGfAAJ
a03ci00000QqwnLAAR,a01ci00000Q3urYAAR
a03ci00000Qr1gYAAR,a01ci00000UjcxVAAR
a03ci00000Qr2skAAB,a01ci00000TblIcAAJ
a03ci00000Qr2slAAB,a01ci00000TblIcAAJ
a03ci00000Qr4xlAAB,a01ci00000U7ItNAAV
a03ci00000QwYwnAAF,a01IV00001FCjpuYAD
a03ci00000QwZ9hAAF,a01ci00000UEjP0AAL
a03ci00000QwZBJAA3,a01ci00000UZ2qTAAT
a03ci00000QwZCvAAN,a01ci00000Ux6ZZAAZ
a03ci00000QwZEXAA3,a01ci00000UXeyIAAT
a03ci00000QwZG9AAN,a01ci00000UxBEHAA3
a03ci00000R25dbAAB,a01ci00000UiOIIAA3
a03ci00000R2AWoAAN,a01ci00000VFdFKAA1
a03ci00000R7sIfAAJ,a01ci00000V58G6AAJ
a03ci00000RK13fAAD,a01ci00000Ux3K3AAJ
a03ci00000RK16tAAD,a01ci00000Ux3IfAAJ
a03ci00000RK2CcAAL,a01ci00000Ux3EnAAJ
a03ci00000RK2ZCAA1,a01ci00000Ux3DwAAJ
a03ci00000RK2z0AAD,a01ci00000Ux3DqAAJ
a03ci00000RK3TeAAL,a01ci00000Ux3JiAAJ
a03ci00000RK46MAAT,a01ci00000PkewNAAR
a03ci00000RK46NAAT,a01ci00000PkewNAAR
a03ci00000RK46OAAT,a01ci00000PkewNAAR
a03ci00000RK5DjAAL,a01ci00000Ux3F0AAJ
a03ci00000RK5DkAAL,a01ci00000Ux3F0AAJ
a03ci00000RK5DlAAL,a01ci00000Ux3F0AAJ
a03ci00000RK64wAAD,a01ci00000UvFaDAAV
a03ci00000RK6T7AAL,a01ci00000VXUVKAA5
a03ci00000RK6UjAAL,a01ci00000Q3dIkAAJ
a03ci00000RK6UkAAL,a01ci00000Q3dIkAAJ
a03ci00000RK6WLAA1,a01ci00000Ux3JHAAZ
a03ci00000RK6XxAAL,a01ci00000Ux3JsAAJ
a03ci00000RK6ZZAA1,a01ci00000UvFaOAAV
a03ci00000RK6bBAAT,a01ci00000Pkf1QAAR
a03ci00000RK6cnAAD,a01ci00000UvFZ9AAN
a03ci00000RK6ePAAT,a01ci00000Ux3K0AAJ
a03ci00000RK6g1AAD,a01ci00000Pkf0TAAR
a03ci00000RK6g2AAD,a01ci00000Pkf0TAAR
a03ci00000RK6g3AAD,a01ci00000Pkf0TAAR
a03ci00000RK6hdAAD,a01ci00000Ux3IqAAJ
a03ci00000RK6jFAAT,a01ci00000Ux3KJAAZ
a03ci00000RK6krAAD,a01ci00000Ux3EKAAZ
a03ci00000RK6ksAAD,a01ci00000Ux3EKAAZ
a03ci00000RK6mTAAT,a01ci00000Ux3ENAAZ
a03ci00000RK6o5AAD,a01ci00000Ux3JQAAZ
a03ci00000RK6phAAD,a01ci00000Ux3JdAAJ
a03ci00000RK6rJAAT,a01ci00000Ux3EwAAJ
a03ci00000RK6svAAD,a01ci00000UvFZzAAN
a03ci00000RQhGIAA1,a01ci00000UvFZwAAN
a03ci00000RQiYwAAL,a01ci00000Ux3JWAAZ
a03ci00000RQinSAAT,a01ci00000Ux3E3AAJ
a03ci00000RQj1yAAD,a01ci00000UvFZUAA3
a03ci00000RQjjhAAD,a01ci00000Ux3ItAAJ
a03ci00000RQjjiAAD,a01ci00000Ux3ItAAJ
a03ci00000RQkFnAAL,a01ci00000Ux3ISAAZ
a03ci00000RQkHOAA1,a01ci00000Ux3EqAAJ
a03ci00000RQlqAAAT,a01ci00000Ux3EiAAJ
a03ci00000RQmFxAAL,a01ci00000Ux3EgAAJ
a03ci00000RQmJBAA1,a01ci00000UvFZoAAN
a03ci00000RQmMPAA1,a01ci00000Ux3JfAAJ
a03ci00000RQmO1AAL,a01ci00000Ux3JoAAJ
a03ci00000RQmPdAAL,a01ci00000Ux3DkAAJ
a03ci00000RQmSrAAL,a01ci00000UvFaWAAV
a03ci00000RQmUTAA1,a01ci00000UvFa4AAF
a03ci00000RQmW5AAL,a01ci00000Ux3IUAAZ
a03ci00000RQmXhAAL,a01ci00000UvFa8AAF
a03ci00000RQmZJAA1,a01ci00000Pkf0MAAR
a03ci00000RQmavAAD,a01ci00000Ux3DfAAJ
a03ci00000RQmcXAAT,a01ci00000UvFaCAAV
a03ci00000RQme9AAD,a01ci00000Ux3EJAAZ
a03ci00000RQmflAAD,a01ci00000Ux3DvAAJ
a03ci00000RQmhNAAT,a01ci00000Ux3INAAZ
a03ci00000RQmizAAD,a01ci00000UvFa3AAF
a03ci00000RQmkbAAD,a01ci00000Ux3DiAAJ
a03ci00000RQmmDAAT,a01ci00000UvFaAAAV
a03ci00000RQmnpAAD,a01ci00000UvFZEAA3
a03ci00000RQmpRAAT,a01ci00000Ux3JrAAJ
a03ci00000RQmpSAAT,a01ci00000Ux3DhAAJ
a03ci00000RQmr3AAD,a01ci00000V8MXoAAN
a03ci00000RQmsfAAD,a01ci00000Ux3J9AAJ
a03ci00000RQmuHAAT,a01ci00000Ux3EvAAJ
