Id,NetsuiteId__c,Status__c
a04IV00000rHBw6YAG,20171,Open
a04IV00000rHBxJYAW,20172,Open
a04IV00000rHEbzYAG,19873,Open
a04IV00000rHErPYAW,20135,Open
a04IV00000rHErRYAW,20134,Paid In Full
a04IV00000rHErTYAW,20139,Open
a04IV00000rHErHYAW,20136,Open
a04IV00000rHHfbYAG,19883,Open
a04IV00000rHHxKYAW,19884,Open
a04IV00000rHHxRYAW,19911,Open
a04IV00000rHHEKYA4,20449,Open
a04IV00000rHHKUYA4,20450,Open
a04IV00000rHHbmYAG,20654,Paid In Full
a04IV00000rHHcFYAW,19885,Open
a04IV00000rHHcGYAW,19891,Open
a04IV00000rHHcHYAW,19874,Open
a04IV00000rHHcJYAW,19875,Open
a04IV00000rHHcKYAW,19876,Open
a04IV00000rHHcLYAW,19912,Open
a04IV00000rHHenYAG,20529,Open
a04IV00000rHL3pYAG,20402,Open
a04IV00000rHL4HYAW,20576,Paid In Full
a04IV00000rHL9FYAW,20438,Open
a04IV00000rHL8xYAG,20577,Paid In Full
a04IV00000rHLDoYAO,19926,Open
a04IV00000rHLDRYA4,20114,Open
a04IV00000rHLEVYA4,20187,Open
a04IV00000rHLEfYAO,20250,Open
a04IV00000rHLFKYA4,20496,Open
a04IV00000rHLCwYAO,20512,Open
a04IV00000rHLFcYAO,20672,Open
a04IV00000rHLFiYAO,20687,Open
a04IV00000rHLFxYAO,20755,Open
a04IV00000rHLHPYA4,20657,Paid In Full
a04IV00000rHLHQYA4,20660,Paid In Full
a04IV00000rHLHRYA4,20663,Paid In Full
a04IV00000rHLHSYA4,20666,Paid In Full
a04IV00000rHLHTYA4,20655,Paid In Full
a04IV00000rHLHUYA4,20658,Paid In Full
a04IV00000rHLHVYA4,20661,Paid In Full
a04IV00000rHLHWYA4,20664,Paid In Full
a04IV00000rHLHXYA4,20667,Paid In Full
a04IV00000rHJmzYAG,20116,Open
a04IV00000rHJn8YAG,20510,Open
a04IV00000rHJnOYAW,20272,Open
a04IV00000rHLKYYA4,20704,Open
a04IV00000rHLNfYAO,20004,Open
a04IV00000rHLQLYA4,20063,Open
a04IV00000rHLgzYAG,19990,Open
a04IV00000rHLmTYAW,20193,Open
a04IV00000rHLoPYAW,19991,Open
a04IV00000rHLjKYAW,19992,Open
a04IV00000rHLqFYAW,20194,Paid In Full
a04IV00000rHLrdYAG,20385,Paid In Full
a04IV00000rHLrgYAG,20137,Open
a04IV00000rHLzOYAW,20756,Open
a04IV00000rHM6eYAG,20183,Open
a04IV00000rHM6fYAG,20184,Open
a04IV00000rHM6mYAG,20138,Open
a04IV00000rHMA4YAO,19886,Open
a04IV00000rHMERYA4,20964,Open
a04IV00000rHMKkYAO,19877,Open
a04IV00000rHMKpYAO,19878,Open
a04IV00000rHMKqYAO,19913,Open
a04IV00000rHMKsYAO,19900,Paid In Full
a04IV00000rHMShYAO,20154,Open
a04IV00000rHMTSYA4,20924,Open
a04IV00000rHMTMYA4,21062,Paid In Full
a04IV00000rHMT4YAO,20877,Open
a04IV00000rHMTwYAO,20320,Open
a04IV00000rHMTdYAO,20045,Paid In Full
a04IV00000rHMU3YAO,20147,Open
a04IV00000rHMWTYA4,20497,Open
a04IV00000rHMbPYAW,20185,Open
a04IV00000rHMbpYAG,21036,Open
a04IV00000rHMbvYAG,20573,Paid In Full
a04IV00000rHMcEYAW,20656,Paid In Full
a04IV00000rHMcHYAW,20659,Paid In Full
a04IV00000rHMcFYAW,20662,Paid In Full
a04IV00000rHMcIYAW,20665,Paid In Full
a04IV00000rHMcGYAW,20668,Paid In Full
a04IV00000rHMfyYAG,20796,Paid In Full
a04IV00000rHMlzYAG,20439,Open
a04IV00000rHMlfYAG,20678,Open
a04IV00000rHMlcYAG,20963,Open
a04IV00000rHMotYAG,19804,Open
a04IV00000rHMoCYAW,19839,Open
a04IV00000rHMp1YAG,19854,Open
a04IV00000rHMndYAG,19927,Open
a04IV00000rHMmVYAW,20005,Open
a04IV00000rHMprYAG,20115,Open
a04IV00000rHMnkYAG,20188,Open
a04IV00000rHMnBYAW,20251,Open
a04IV00000rHMqCYAW,20326,Open
a04IV00000rHMmwYAG,20347,Open
a04IV00000rHMmxYAG,20434,Open
a04IV00000rHMokYAG,20445,Open
a04IV00000rHMqOYAW,20498,Open
a04IV00000rHMqPYAW,20513,Open
a04IV00000rHMqyYAG,20630,Open
a04IV00000rHMrMYAW,20673,Open
a04IV00000rHMrRYAW,20688,Open
a04IV00000rHMo8YAG,20720,Open
a04IV00000rHMn7YAG,20797,Paid In Full
a04IV00000rHMwmYAG,309808,Paid In Full
a04IV00000rHMwiYAG,20598,Paid In Full
a04IV00000rGr3nYAC,19987,Open
a04IV00000rHMtKYAW,20965,Open
a04IV00000rHMtZYAW,20848,Open
a04IV00000rHMtdYAG,20925,Paid In Full
a04IV00000rHA4hYAG,20149,Open
a04IV00000rHA5UYAW,20209,Open
a04IV00000rHA53YAG,20587,Open
a04IV00000rHA4lYAG,20801,Open
a04IV00000rHN56YAG,20036,Paid In Full
a04IV00000rHN59YAG,20295,Open
a04IV00000rHN5GYAW,20090,Paid In Full
a04IV00000rHN4wYAG,19842,Open
a04IV00000rHN4xYAG,20037,Paid In Full
a04IV00000rHN5JYAW,20296,Open
a04IV00000rHN5WYAW,20091,Paid In Full
a04IV00000rH7NWYA0,20846,Paid In Full
a04IV00000rHN6qYAG,20210,Open
a04IV00000rHN6yYAG,20588,Open
a04IV00000rHN71YAG,20769,Open
a04IV00000rHN73YAG,20802,Open
a04IV00000rHN7EYAW,21024,Open
a04IV00000rHN6YYAW,20464,Open
a04IV00000rHND0YAO,20978,Paid In Full
a04IV00000rHN9PYAW,20144,Open
a04IV00000rHNAsYAO,20160,Paid In Full
a04IV00000rH7LjYAK,20065,Paid In Full
a04IV00000rHNB2YAO,20860,Open
a04IV00000rHNEsYAO,20006,Open
a04IV00000rHNFbYAO,20411,Open
a04IV00000rHNH9YAO,20211,Open
a04IV00000rHNHHYA4,20589,Open
a04IV00000rHNHJYA4,20770,Open
a04IV00000rHNHLYA4,20803,Open
a04IV00000rH7I2YAK,19836,Paid In Full
a04IV00000rHNLCYA4,20979,Paid In Full
a04IV00000rHNLXYA4,20760,Paid In Full
a04IV00000rHNLlYAO,19914,Paid In Full
a04IV00000rHNLmYAO,19888,Paid In Full
a04IV00000rHNLpYAO,19901,Paid In Full
a04IV00000rHNLqYAO,19902,Paid In Full
a04IV00000rHNLxYAO,19889,Paid In Full
a04IV00000rHNLrYAO,19903,Paid In Full
a04IV00000rHNLyYAO,19904,Paid In Full
a04IV00000rHNM5YAO,20584,Open
a04IV00000rHNMEYA4,20830,Paid In Full
a04IV00000rHNMJYA4,20585,Open
a04IV00000rHNMOYA4,20562,Paid In Full
a04IV00000rHNMRYA4,20396,Open
a04IV00000rHNMcYAO,20073,Paid In Full
a04IV00000rHNMdYAO,20080,Paid In Full
a04IV00000rHNMwYAO,20483,Open
a04IV00000rHNMyYAO,20937,Paid In Full
a04IV00000rHNMoYAO,20077,Paid In Full
a04IV00000rHNN3YAO,20212,Open
a04IV00000rHNN4YAO,20290,Paid In Full
a04IV00000rHNNAYA4,20590,Open
a04IV00000rHNNDYA4,20771,Open
a04IV00000rHNNEYA4,20804,Open
a04IV00000rHNNFYA4,20839,Paid In Full
a04IV00000rHNNLYA4,20092,Paid In Full
a04IV00000rHNNuYAO,19806,Paid In Full
a04IV00000rHNOUYA4,20316,Open
a04IV00000rHNObYAO,20412,Open
a04IV00000rHNOfYAO,20424,Paid In Full
a04IV00000rHNPDYA4,20851,Paid In Full
a04IV00000rHNPYYA4,19793,Paid In Full
a04IV00000rHNPZYA4,19827,Paid In Full
a04IV00000rHNPaYAO,19933,Paid In Full
a04IV00000rHNPbYAO,20098,Paid In Full
a04IV00000rHNPcYAO,20173,Paid In Full
a04IV00000rHNPXYA4,20199,Paid In Full
a04IV00000rHNPdYAO,20236,Paid In Full
a04IV00000rHNPeYAO,20261,Paid In Full
a04IV00000rHNPVYA4,20285,Paid In Full
a04IV00000rHNPfYAO,20369,Paid In Full
a04IV00000rHNPTYA4,20388,Paid In Full
a04IV00000rHNPgYAO,20441,Paid In Full
a04IV00000rHNPWYA4,20757,Paid In Full
a04IV00000rHNPhYAO,20807,Paid In Full
a04IV00000rHNPiYAO,20836,Paid In Full
a04IV00000rHNPUYA4,20892,Paid In Full
a04IV00000rHNPjYAO,20972,Paid In Full
a04IV00000rHNPxYAO,19748,Paid In Full
a04IV00000rHNPzYAO,19750,Paid In Full
a04IV00000rHNQ1YAO,19753,Paid In Full
a04IV00000rHNQ2YAO,19760,Paid In Full
a04IV00000rHNQ4YAO,19763,Paid In Full
a04IV00000rHNQ5YAO,19765,Paid In Full
a04IV00000rHNQ7YAO,19773,Paid In Full
a04IV00000rHNQ8YAO,19776,Paid In Full
a04IV00000rHNQAYA4,19779,Paid In Full
a04IV00000rHNQBYA4,19783,Paid In Full
a04IV00000rHNQCYA4,19791,Paid In Full
a04IV00000rHNQDYA4,19801,Paid In Full
a04IV00000rHNQEYA4,19809,Paid In Full
a04IV00000rHNQFYA4,19811,Paid In Full
a04IV00000rHNQGYA4,19813,Paid In Full
a04IV00000rHNQHYA4,19818,Paid In Full
a04IV00000rHNPyYAO,19821,Paid In Full
a04IV00000rHNQIYA4,19825,Paid In Full
a04IV00000rHNQJYA4,19832,Paid In Full
a04IV00000rHNQLYA4,19845,Paid In Full
a04IV00000rHNQNYA4,19849,Paid In Full
a04IV00000rHNQOYA4,19852,Paid In Full
a04IV00000rHNQPYA4,19855,Paid In Full
a04IV00000rHNQSYA4,19858,Paid In Full
a04IV00000rHNQUYA4,19861,Paid In Full
a04IV00000rHNQVYA4,19863,Paid In Full
a04IV00000rHNQWYA4,19865,Paid In Full
a04IV00000rHNQYYA4,19869,Paid In Full
a04IV00000rHNQZYA4,19908,Paid In Full
a04IV00000rHNQaYAO,19915,Paid In Full
a04IV00000rHNQbYAO,19918,Paid In Full
a04IV00000rHNQ0YAO,19920,Paid In Full
a04IV00000rHNQcYAO,19928,Paid In Full
a04IV00000rHNQdYAO,19939,Paid In Full
a04IV00000rHNQgYAO,19941,Paid In Full
a04IV00000rHNQ9YAO,19943,Paid In Full
a04IV00000rHNQhYAO,19948,Paid In Full
a04IV00000rHNQTYA4,19951,Paid In Full
a04IV00000rHNPqYAO,19954,Paid In Full
a04IV00000rHNQiYAO,19957,Paid In Full
a04IV00000rHNQjYAO,19960,Paid In Full
a04IV00000rHNQkYAO,19962,Paid In Full
a04IV00000rHNQXYA4,19966,Paid In Full
a04IV00000rHNQmYAO,19970,Paid In Full
a04IV00000rHNQ6YAO,19977,Paid In Full
a04IV00000rHNQqYAO,19984,Paid In Full
a04IV00000rHNQMYA4,19994,Paid In Full
a04IV00000rHNQsYAO,19998,Paid In Full
a04IV00000rHNQtYAO,20000,Paid In Full
a04IV00000rHNQnYAO,20011,Paid In Full
a04IV00000rHNQuYAO,20014,Paid In Full
a04IV00000rHNQvYAO,20017,Paid In Full
a04IV00000rHNQoYAO,20019,Paid In Full
a04IV00000rHNQwYAO,20027,Paid In Full
a04IV00000rHNQxYAO,20030,Paid In Full
a04IV00000rHNQyYAO,20032,Paid In Full
a04IV00000rHNQzYAO,20041,Paid In Full
a04IV00000rHNPkYAO,20052,Paid In Full
a04IV00000rHNR0YAO,20054,Paid In Full
a04IV00000rHNR1YAO,20070,Paid In Full
a04IV00000rHNR2YAO,20075,Paid In Full
a04IV00000rHNR3YAO,20085,Paid In Full
a04IV00000rHNR5YAO,20103,Paid In Full
a04IV00000rHNR6YAO,20110,Paid In Full
a04IV00000rHNQlYAO,20118,Paid In Full
a04IV00000rHNR7YAO,20120,Paid In Full
a04IV00000rHNR8YAO,20123,Paid In Full
a04IV00000rHNR9YAO,20126,Paid In Full
a04IV00000rHNRAYA4,20128,Paid In Full
a04IV00000rHNRBYA4,20131,Paid In Full
a04IV00000rHNRCYA4,20145,Paid In Full
a04IV00000rHNPoYAO,20150,Paid In Full
a04IV00000rHNRDYA4,20157,Paid In Full
a04IV00000rHNREYA4,20161,Paid In Full
a04IV00000rHNRFYA4,20163,Paid In Full
a04IV00000rHNRRYA4,20169,Paid In Full
a04IV00000rHNRTYA4,20178,Paid In Full
a04IV00000rHNRUYA4,20190,Paid In Full
a04IV00000rHNRVYA4,20204,Paid In Full
a04IV00000rHNRSYA4,20207,Paid In Full
a04IV00000rHNQeYAO,20216,Paid In Full
a04IV00000rHNPnYAO,20221,Paid In Full
a04IV00000rHNRWYA4,20223,Paid In Full
a04IV00000rHNRXYA4,20226,Paid In Full
a04IV00000rHNRYYA4,20233,Paid In Full
a04IV00000rHNRZYA4,20248,Paid In Full
a04IV00000rHNRaYAO,20264,Paid In Full
a04IV00000rHNRbYAO,20275,Paid In Full
a04IV00000rHNRcYAO,20278,Paid In Full
a04IV00000rHNRdYAO,20282,Paid In Full
a04IV00000rHNReYAO,20293,Paid In Full
a04IV00000rHNRfYAO,20297,Paid In Full
a04IV00000rHNQ3YAO,20301,Paid In Full
a04IV00000rHNRhYAO,20304,Paid In Full
a04IV00000rHNRiYAO,20308,Paid In Full
a04IV00000rHNRjYAO,20311,Paid In Full
a04IV00000rHNRkYAO,20318,Paid In Full
a04IV00000rHNRlYAO,20322,Paid In Full
a04IV00000rHNROYA4,20324,Paid In Full
a04IV00000rHNPuYAO,20327,Paid In Full
a04IV00000rHNRmYAO,20330,Paid In Full
a04IV00000rHNRnYAO,20333,Paid In Full
a04IV00000rHNRoYAO,20335,Paid In Full
a04IV00000rHNRJYA4,20345,Paid In Full
a04IV00000rHNRpYAO,20356,Paid In Full
a04IV00000rHNRqYAO,20358,Paid In Full
a04IV00000rHNRrYAO,20360,Paid In Full
a04IV00000rHNRHYA4,20366,Paid In Full
a04IV00000rHNRsYAO,20372,Paid In Full
a04IV00000rHNRtYAO,20376,Paid In Full
a04IV00000rHNRuYAO,20380,Paid In Full
a04IV00000rHNRwYAO,20382,Paid In Full
a04IV00000rHNRxYAO,20390,Paid In Full
a04IV00000rHNRyYAO,20393,Paid In Full
a04IV00000rHNRzYAO,20397,Paid In Full
a04IV00000rHNR4YAO,20403,Paid In Full
a04IV00000rHNS0YAO,20406,Paid In Full
a04IV00000rHNS1YAO,20414,Paid In Full
a04IV00000rHNS2YAO,20418,Paid In Full
a04IV00000rHNS3YAO,20427,Paid In Full
a04IV00000rHNS4YAO,20431,Paid In Full
a04IV00000rHNS5YAO,20435,Paid In Full
a04IV00000rHNQrYAO,20443,Paid In Full
a04IV00000rHNPlYAO,20446,Paid In Full
a04IV00000rHNS6YAO,20453,Paid In Full
a04IV00000rHNS7YAO,20466,Paid In Full
a04IV00000rHNPsYAO,20469,Paid In Full
a04IV00000rHNS8YAO,20473,Paid In Full
a04IV00000rHNRMYA4,20478,Paid In Full
a04IV00000rHNS9YAO,20488,Paid In Full
a04IV00000rHNSAYA4,20503,Paid In Full
a04IV00000rHNSBYA4,20517,Paid In Full
a04IV00000rHNSCYA4,20535,Paid In Full
a04IV00000rHNSDYA4,20538,Paid In Full
a04IV00000rHNSEYA4,20544,Paid In Full
a04IV00000rHNSFYA4,20547,Paid In Full
a04IV00000rHNSGYA4,20550,Paid In Full
a04IV00000rHNRNYA4,20552,Paid In Full
a04IV00000rHNSHYA4,20559,Paid In Full
a04IV00000rHNSIYA4,20566,Paid In Full
a04IV00000rHNSJYA4,20569,Paid In Full
a04IV00000rHNRgYAO,20581,Paid In Full
a04IV00000rHNSKYA4,20593,Paid In Full
a04IV00000rHNSLYA4,20599,Paid In Full
a04IV00000rHNSMYA4,20602,Paid In Full
a04IV00000rHNSNYA4,20606,Paid In Full
a04IV00000rHNSOYA4,20610,Paid In Full
a04IV00000rHNSPYA4,20613,Paid In Full
a04IV00000rHNSQYA4,20615,Paid In Full
a04IV00000rHNSRYA4,20619,Paid In Full
a04IV00000rHNSSYA4,20632,Paid In Full
a04IV00000rHNSeYAO,20635,Paid In Full
a04IV00000rHNQpYAO,20637,Paid In Full
a04IV00000rHNSfYAO,20640,Paid In Full
a04IV00000rHNShYAO,20644,Paid In Full
a04IV00000rHNSjYAO,20648,Paid In Full
a04IV00000rHNSlYAO,20651,Paid In Full
a04IV00000rHNSbYAO,20675,Paid In Full
a04IV00000rHNSdYAO,20679,Paid In Full
a04IV00000rHNSgYAO,20689,Paid In Full
a04IV00000rHNSaYAO,20699,Paid In Full
a04IV00000rHNSmYAO,20706,Paid In Full
a04IV00000rHNSnYAO,20709,Paid In Full
a04IV00000rHNSoYAO,20712,Paid In Full
a04IV00000rHNSZYA4,20716,Paid In Full
a04IV00000rHNSpYAO,20722,Paid In Full
a04IV00000rHNRvYAO,20724,Paid In Full
a04IV00000rHNSUYA4,20731,Paid In Full
a04IV00000rHNSqYAO,20734,Paid In Full
a04IV00000rHNSrYAO,20738,Paid In Full
a04IV00000rHNSsYAO,20740,Paid In Full
a04IV00000rHNStYAO,20746,Paid In Full
a04IV00000rHNSuYAO,20748,Paid In Full
a04IV00000rHNSvYAO,20752,Paid In Full
a04IV00000rHNSwYAO,20763,Paid In Full
a04IV00000rHNSxYAO,20776,Paid In Full
a04IV00000rHNRPYA4,20787,Paid In Full
a04IV00000rHNPrYAO,20791,Paid In Full
a04IV00000rHNT0YAO,20794,Paid In Full
a04IV00000rHNT1YAO,20798,Paid In Full
a04IV00000rHNT2YAO,20815,Paid In Full
a04IV00000rHNSyYAO,20819,Paid In Full
a04IV00000rHNT3YAO,20821,Paid In Full
a04IV00000rHNT4YAO,20825,Paid In Full
a04IV00000rHNT5YAO,20861,Paid In Full
a04IV00000rHNT7YAO,20865,Paid In Full
a04IV00000rHNT8YAO,20869,Paid In Full
a04IV00000rHNScYAO,20875,Paid In Full
a04IV00000rHNQQYA4,20881,Paid In Full
a04IV00000rHNSXYA4,20883,Paid In Full
a04IV00000rHNRQYA4,20896,Paid In Full
a04IV00000rHNRKYA4,20899,Paid In Full
a04IV00000rHNTAYA4,20903,Paid In Full
a04IV00000rHNRLYA4,20906,Paid In Full
a04IV00000rHNRIYA4,20910,Paid In Full
a04IV00000rHNTBYA4,20913,Paid In Full
a04IV00000rHNQfYAO,20916,Paid In Full
a04IV00000rHNSVYA4,20918,Paid In Full
a04IV00000rHNPtYAO,20932,Paid In Full
a04IV00000rHNPpYAO,20946,Paid In Full
a04IV00000rHNTDYA4,20950,Open
a04IV00000rHNSTYA4,20952,Paid In Full
a04IV00000rHNTFYA4,20954,Open
a04IV00000rHNSYYA4,20956,Paid In Full
a04IV00000rHNSzYAO,20958,Paid In Full
a04IV00000rHNRGYA4,20976,Paid In Full
a04IV00000rHNTGYA4,20983,Paid In Full
a04IV00000rHNTHYA4,20988,Paid In Full
a04IV00000rHNSiYAO,20993,Paid In Full
a04IV00000rHNTIYA4,20995,Paid In Full
a04IV00000rHNTJYA4,20997,Paid In Full
a04IV00000rHNTKYA4,20999,Paid In Full
a04IV00000rHNTLYA4,21001,Paid In Full
a04IV00000rHNSkYAO,21004,Paid In Full
a04IV00000rHNT6YAO,21006,Paid In Full
a04IV00000rHNTMYA4,21008,Paid In Full
a04IV00000rHNTNYA4,21018,Paid In Full
a04IV00000rHNTOYA4,21020,Paid In Full
a04IV00000rHNTPYA4,21027,Paid In Full
a04IV00000rHNPmYAO,21032,Paid In Full
a04IV00000rHNSWYA4,21037,Paid In Full
a04IV00000rHNTQYA4,21039,Paid In Full
a04IV00000rHNTRYA4,21048,Paid In Full
a04IV00000rHNTSYA4,21053,Paid In Full
a04IV00000rHNTTYA4,21057,Paid In Full
a04IV00000rHNTEYA4,20456,Paid In Full
a04IV00000rHNTWYA4,21013,Paid In Full
a04IV00000rHNTXYA4,21014,Paid In Full
a04IV00000rHNTYYA4,19879,Paid In Full
a04IV00000rHNTZYA4,20901,Paid In Full
a04IV00000rHNTaYAO,19968,Paid In Full
a04IV00000rHNTbYAO,19969,Paid In Full
a04IV00000rHNTfYAO,20889,Paid In Full
a04IV00000rHNTgYAO,19894,Paid In Full
a04IV00000rHNThYAO,19895,Paid In Full
a04IV00000rHNTiYAO,19896,Open
a04IV00000rHNTjYAO,19897,Paid In Full
a04IV00000rHNTmYAO,20374,Paid In Full
a04IV00000rHNTqYAO,20197,Paid In Full
a04IV00000rHNTtYAO,20854,Paid In Full
a04IV00000rHNTuYAO,20062,Paid In Full
a04IV00000rHNTwYAO,20493,Paid In Full
a04IV00000rHNTyYAO,20628,Paid In Full
a04IV00000rHNU0YAO,20729,Paid In Full
a04IV00000rHNU1YAO,20338,Paid In Full
a04IV00000rHNU5YAO,20784,Paid In Full
a04IV00000rHNU8YAO,20002,Paid In Full
a04IV00000rHNU9YAO,20817,Paid In Full
a04IV00000rHNU3YAO,20683,Paid In Full
a04IV00000rHNUAYA4,19770,Paid In Full
a04IV00000rHNUDYA4,20143,Paid In Full
a04IV00000rHNUEYA4,20631,Paid In Full
a04IV00000rHNUFYA4,20754,Paid In Full
a04IV00000rHNUGYA4,20845,Open
a04IV00000rHNUCYA4,20835,Paid In Full
a04IV00000rHNUHYA4,19841,Paid In Full
a04IV00000rHNUIYA4,20565,Paid In Full
a04IV00000rHNU2YAO,20254,Paid In Full
a04IV00000rHNU4YAO,20260,Paid In Full
a04IV00000rHNVCYA4,21047,Paid In Full
a04IV00000rHNVDYA4,20527,Open
a04IV00000rHNVGYA4,20942,Paid In Full
a04IV00000rHNV1YAO,20647,Paid In Full
a04IV00000rHNVIYA4,19997,Paid In Full
a04IV00000rHNVKYA4,20696,Paid In Full
a04IV00000rHNVMYA4,20051,Paid In Full
a04IV00000rHNUyYAO,21042,Paid In Full
a04IV00000rHNUYYA4,20701,Paid In Full
a04IV00000rHNVPYA4,19975,Paid In Full
a04IV00000rHNVQYA4,20888,Open
a04IV00000rHNVSYA4,20929,Paid In Full
a04IV00000rHNUTYA4,20811,Paid In Full
a04IV00000rH7FTYA0,20856,Paid In Full
a04IV00000rHNVTYA4,21064,Paid In Full
a04IV00000rHNUcYAO,20580,Paid In Full
a04IV00000rHNVVYA4,20059,Open
a04IV00000rHNUhYAO,20117,Open
a04IV00000rHNVXYA4,20463,Paid In Full
a04IV00000rHNUWYA4,20674,Paid In Full
a04IV00000rHNUXYA4,20047,Open
a04IV00000rHNUqYAO,20253,Paid In Full
a04IV00000rHNVEYA4,19989,Open
a04IV00000rHNUxYAO,20779,Paid In Full
a04IV00000rHNUPYA4,20730,Paid In Full
a04IV00000rHNUfYAO,20244,Paid In Full
a04IV00000rHNVbYAO,20252,Paid In Full
a04IV00000rHNVcYAO,19988,Paid In Full
a04IV00000rHNUMYA4,20176,Open
a04IV00000rHNVgYAO,20926,Open
a04IV00000rHNUzYAO,20461,Paid In Full
a04IV00000rHNViYAO,20482,Paid In Full
a04IV00000rHNUnYAO,20511,Open
a04IV00000rHNVjYAO,20617,Paid In Full
a04IV00000rHNVlYAO,20887,Open
a04IV00000rHNVnYAO,20543,Paid In Full
a04IV00000rHNVpYAO,20737,Paid In Full
a04IV00000rHNUdYAO,20423,Open
a04IV00000rHNUUYA4,20831,Open
a04IV00000rHNVqYAO,20040,Paid In Full
a04IV00000rHNVrYAO,20677,Paid In Full
a04IV00000rHNUZYA4,20375,Paid In Full
a04IV00000rHNVkYAO,20273,Open
a04IV00000rHNUoYAO,20646,Paid In Full
a04IV00000rHNVeYAO,20834,Paid In Full
a04IV00000rHNVxYAO,20857,Paid In Full
a04IV00000rHNW5YAO,20621,Open
a04IV00000rHNW6YAO,21051,Paid In Full
a04IV00000rHNW7YAO,20761,Open
a04IV00000rHNW8YAO,20718,Open
a04IV00000rHNW9YAO,20013,Paid In Full
a04IV00000rHNUNYA4,20315,Paid In Full
a04IV00000rHNUjYAO,20629,Paid In Full
a04IV00000rHNUsYAO,20267,Paid In Full
a04IV00000rHNWAYA4,20067,Paid In Full
a04IV00000rHNWBYA4,20263,Paid In Full
a04IV00000rHNW4YAO,20462,Paid In Full
a04IV00000rHNWDYA4,20258,Paid In Full
a04IV00000rHNURYA4,20528,Paid In Full
a04IV00000rHNWGYA4,20025,Paid In Full
a04IV00000rHNWHYA4,20502,Paid In Full
a04IV00000rHNUrYAO,20982,Paid In Full
a04IV00000rHNWIYA4,20257,Open
a04IV00000rHNUVYA4,20056,Paid In Full
a04IV00000rHNWKYA4,19981,Paid In Full
a04IV00000rHNUtYAO,20196,Open
a04IV00000rHNWNYA4,19815,Open
a04IV00000rHNWMYA4,20039,Open
a04IV00000rHNWOYA4,20101,Paid In Full
a04IV00000rHNWQYA4,20829,Paid In Full
a04IV00000rHNWSYA4,20064,Paid In Full
a04IV00000rHNWTYA4,20693,Paid In Full
a04IV00000rHNWUYA4,20087,Open
a04IV00000rHNWVYA4,19986,Paid In Full
a04IV00000rHNWWYA4,21045,Paid In Full
a04IV00000rHNWPYA4,20514,Paid In Full
a04IV00000rHNWZYA4,20943,Paid In Full
a04IV00000rHNWcYAO,20597,Paid In Full
a04IV00000rHNVzYAO,20495,Open
a04IV00000rHNWdYAO,20781,Paid In Full
a04IV00000rHNUlYAO,20880,Paid In Full
a04IV00000rHNWeYAO,20243,Open
a04IV00000rHNWfYAO,19974,Paid In Full
a04IV00000rHNWiYAO,20507,Paid In Full
a04IV00000rHNWjYAO,21017,Paid In Full
a04IV00000rHNWkYAO,20643,Paid In Full
a04IV00000rHNWlYAO,20329,Open
a04IV00000rHNWmYAO,20038,Paid In Full
a04IV00000rHNWRYA4,20623,Paid In Full
a04IV00000rHNWnYAO,20780,Paid In Full
a04IV00000rHNWoYAO,21043,Paid In Full
a04IV00000rHNWpYAO,21063,Paid In Full
a04IV00000rHNWqYAO,20355,Paid In Full
a04IV00000rHNUQYA4,20344,Paid In Full
a04IV00000rHNWsYAO,20386,Paid In Full
a04IV00000rHNWtYAO,20936,Paid In Full
a04IV00000rHNVhYAO,20855,Paid In Full
a04IV00000rHNWaYAO,20762,Paid In Full
a04IV00000rHNWbYAO,19953,Paid In Full
a04IV00000rHNWXYA4,20088,Paid In Full
a04IV00000rHNV3YAO,20492,Open
a04IV00000rHNWuYAO,20719,Paid In Full
a04IV00000rHNWvYAO,20928,Paid In Full
a04IV00000rHNW2YAO,20501,Paid In Full
a04IV00000rHNX0YAO,20971,Paid In Full
a04IV00000rHNX2YAO,20113,Paid In Full
a04IV00000rHNX3YAO,20289,Paid In Full
a04IV00000rHNX4YAO,20303,Open
a04IV00000rHNX6YAO,20927,Open
a04IV00000rHNX8YAO,20555,Open
a04IV00000rHNX9YAO,20494,Open
a04IV00000rHNV4YAO,19993,Open
a04IV00000rHNXCYA4,20229,Paid In Full
a04IV00000rHNXDYA4,20448,Open
a04IV00000rHNXEYA4,20686,Paid In Full
a04IV00000rHNXFYA4,20081,Paid In Full
a04IV00000rHNXGYA4,20206,Paid In Full
a04IV00000rHNXHYA4,19768,Open
a04IV00000rHNXAYA4,20274,Paid In Full
a04IV00000rHNV7YAO,20669,Paid In Full
a04IV00000rHNWgYAO,20537,Paid In Full
a04IV00000rHNXLYA4,20259,Paid In Full
a04IV00000rHNXNYA4,20557,Open
a04IV00000rHNX1YAO,20044,Paid In Full
a04IV00000rHNXBYA4,20228,Open
a04IV00000rHNXPYA4,20186,Open
a04IV00000rHNXQYA4,20247,Paid In Full
a04IV00000rHNWxYAO,20155,Paid In Full
a04IV00000rHNUeYAO,20352,Paid In Full
a04IV00000rHNV0YAO,20106,Paid In Full
a04IV00000rHNXTYA4,20268,Paid In Full
a04IV00000rHNWwYAO,21056,Paid In Full
a04IV00000rHNXUYA4,20627,Paid In Full
a04IV00000rHNXVYA4,20321,Open
a04IV00000rHNX5YAO,20084,Paid In Full
a04IV00000rHNV8YAO,20500,Paid In Full
a04IV00000rHNXWYA4,20240,Paid In Full
a04IV00000rHNXYYA4,20586,Paid In Full
a04IV00000rHNV6YAO,21046,Paid In Full
a04IV00000rHNXZYA4,20363,Paid In Full
a04IV00000rHNUKYA4,20365,Open
a04IV00000rHNVyYAO,20140,Paid In Full
a04IV00000rHNWhYAO,21011,Paid In Full
a04IV00000rHNX7YAO,20046,Paid In Full
a04IV00000rHNXbYAO,20277,Paid In Full
a04IV00000rHNXcYAO,20750,Paid In Full
a04IV00000rHNXdYAO,20112,Paid In Full
a04IV00000rHNXeYAO,20814,Paid In Full
a04IV00000rHNUwYAO,20175,Open
a04IV00000rHNUkYAO,20148,Open
a04IV00000rHNXfYAO,20879,Open
a04IV00000rHNXgYAO,20072,Paid In Full
a04IV00000rHNXhYAO,20541,Paid In Full
a04IV00000rHNXiYAO,20102,Paid In Full
a04IV00000rHNVOYA4,20909,Paid In Full
a04IV00000rHNXjYAO,19772,Paid In Full
a04IV00000rHNXkYAO,20715,Paid In Full
a04IV00000rHNXlYAO,20477,Open
a04IV00000rHNW3YAO,20107,Paid In Full
a04IV00000rHNXnYAO,20198,Paid In Full
a04IV00000rHNXoYAO,20578,Paid In Full
a04IV00000rHNXmYAO,20189,Paid In Full
a04IV00000rHNXqYAO,21065,Open
a04IV00000rHNXrYAO,20556,Paid In Full
a04IV00000rHNXsYAO,21012,Paid In Full
a04IV00000rHNUmYAO,20703,Paid In Full
a04IV00000rHNXuYAO,20782,Open
a04IV00000rHNXtYAO,20967,Paid In Full
a04IV00000rHNXvYAO,20783,Open
a04IV00000rHNcnYAG,20519,Paid In Full
a04IV00000rHNXwYAO,20520,Paid In Full
a04IV00000rHNcoYAG,20969,Open
a04IV00000rHNcuYAG,19799,Paid In Full
a04IV00000rHNcvYAG,20165,Paid In Full
a04IV00000rHNcpYAG,20484,Paid In Full
a04IV00000rHNcwYAG,20694,Paid In Full
a04IV00000rHNcxYAG,20938,Paid In Full
a04IV00000rHNcyYAG,20944,Paid In Full
a04IV00000rHNd8YAG,19796,Paid In Full
a04IV00000rHNd9YAG,19924,Paid In Full
a04IV00000rHNdCYAW,20108,Paid In Full
a04IV00000rHNdDYAW,20213,Paid In Full
a04IV00000rHNdEYAW,20280,Paid In Full
a04IV00000rHNdFYAW,20291,Paid In Full
a04IV00000rHNdGYAW,20341,Paid In Full
a04IV00000rHNdHYAW,20408,Paid In Full
a04IV00000rHNdIYAW,20451,Paid In Full
a04IV00000rHNdJYAW,20508,Paid In Full
a04IV00000rHNd2YAG,20563,Paid In Full
a04IV00000rHNcrYAG,20574,Open
a04IV00000rHNdKYAW,20591,Open
a04IV00000rHNdLYAW,20697,Paid In Full
a04IV00000rHNdMYAW,20744,Paid In Full
a04IV00000rHNdNYAW,20772,Open
a04IV00000rHNdOYAW,20774,Paid In Full
a04IV00000rHNdPYAW,20805,Paid In Full
a04IV00000rHNdQYAW,20840,Paid In Full
a04IV00000rHNdRYAW,20940,Paid In Full
a04IV00000rHNdSYAW,20990,Paid In Full
a04IV00000rHNdWYAW,19789,Paid In Full
a04IV00000rHNdXYAW,20057,Paid In Full
a04IV00000rHNcqYAG,20093,Paid In Full
a04IV00000rHNd7YAG,20400,Paid In Full
a04IV00000rHNdbYAG,21025,Paid In Full
a04IV00000rHNdfYAG,19934,Paid In Full
a04IV00000rHNdZYAW,20202,Paid In Full
a04IV00000rHNdpYAG,20237,Paid In Full
a04IV00000rHNdrYAG,20245,Paid In Full
a04IV00000rHNdsYAG,20286,Paid In Full
a04IV00000rHNduYAG,20837,Paid In Full
a04IV00000rHNdvYAG,20893,Paid In Full
a04IV00000rHNdwYAG,20973,Paid In Full
a04IV00000rHNeFYAW,19757,Paid In Full
a04IV00000rHNeGYAW,19761,Paid In Full
a04IV00000rHNe0YAG,19769,Paid In Full
a04IV00000rHNeHYAW,19777,Paid In Full
a04IV00000rHNctYAG,19784,Paid In Full
a04IV00000rHNeJYAW,19786,Paid In Full
a04IV00000rHNeKYAW,19787,Paid In Full
a04IV00000rHNeOYAW,19807,Paid In Full
a04IV00000rHNeLYAW,19819,Paid In Full
a04IV00000rHNePYAW,19822,Paid In Full
a04IV00000rHNe1YAG,19830,Paid In Full
a04IV00000rHNdiYAG,19833,Paid In Full
a04IV00000rHNeQYAW,19843,Paid In Full
a04IV00000rHNeRYAW,19856,Paid In Full
a04IV00000rHNeSYAW,19859,Paid In Full
a04IV00000rHNeTYAW,19866,Paid In Full
a04IV00000rHNdeYAG,19870,Paid In Full
a04IV00000rHNeXYAW,19916,Paid In Full
a04IV00000rHNeYYAW,19921,Paid In Full
a04IV00000rHNeZYAW,19929,Paid In Full
a04IV00000rHNe9YAG,19956,Paid In Full
a04IV00000rHNe3YAG,19963,Paid In Full
a04IV00000rHNeaYAG,19971,Paid In Full
a04IV00000rHNdlYAG,19978,Paid In Full
a04IV00000rHNe4YAG,19982,Paid In Full
a04IV00000rHNdxYAG,19995,Paid In Full
a04IV00000rHNecYAG,20007,Open
a04IV00000rHNeeYAG,20008,Paid In Full
a04IV00000rHNdVYAW,20021,Paid In Full
a04IV00000rHNdaYAG,20023,Paid In Full
a04IV00000rHNefYAG,20028,Paid In Full
a04IV00000rHNdyYAG,20066,Paid In Full
a04IV00000rHNdhYAG,20097,Paid In Full
a04IV00000rHNd5YAG,20124,Paid In Full
a04IV00000rHNedYAG,20179,Paid In Full
a04IV00000rHNeiYAG,20215,Paid In Full
a04IV00000rHNekYAG,20217,Paid In Full
a04IV00000rHNeMYAW,20220,Paid In Full
a04IV00000rHNelYAG,20224,Paid In Full
a04IV00000rHNejYAG,20230,Paid In Full
a04IV00000rHNeAYAW,20255,Paid In Full
a04IV00000rHNeCYAW,20310,Paid In Full
a04IV00000rHNeoYAG,20331,Paid In Full
a04IV00000rHNeqYAG,20378,Paid In Full
a04IV00000rHNeIYAW,20383,Paid In Full
a04IV00000rHNddYAG,20413,Open
a04IV00000rHNerYAG,20415,Paid In Full
a04IV00000rHNeBYAW,20419,Paid In Full
a04IV00000rHNetYAG,20440,Paid In Full
a04IV00000rHNf0YAG,20457,Paid In Full
a04IV00000rHNf1YAG,20470,Paid In Full
a04IV00000rHNe8YAG,20474,Paid In Full
a04IV00000rHNd0YAG,20479,Paid In Full
a04IV00000rHNf2YAG,20486,Paid In Full
a04IV00000rHNf3YAG,20489,Paid In Full
a04IV00000rHNdcYAG,20499,Open
a04IV00000rHNf4YAG,20530,Paid In Full
a04IV00000rHNf5YAG,20533,Paid In Full
a04IV00000rHNf6YAG,20545,Paid In Full
a04IV00000rHNf7YAG,20553,Paid In Full
a04IV00000rHNf8YAG,20567,Paid In Full
a04IV00000rHNf9YAG,20570,Paid In Full
a04IV00000rHNe6YAG,20582,Paid In Full
a04IV00000rHNevYAG,20603,Paid In Full
a04IV00000rHNfAYAW,20607,Paid In Full
a04IV00000rHNe7YAG,20622,Paid In Full
a04IV00000rHNfBYAW,20638,Paid In Full
a04IV00000rHNdmYAG,20649,Paid In Full
a04IV00000rHNeuYAG,20681,Paid In Full
a04IV00000rHNdnYAG,20690,Paid In Full
a04IV00000rHNfDYAW,20702,Paid In Full
a04IV00000rHNexYAG,20707,Paid In Full
a04IV00000rHNfEYAW,20710,Paid In Full
a04IV00000rHNfFYAW,20713,Paid In Full
a04IV00000rHNfHYAW,20735,Paid In Full
a04IV00000rHNfIYAW,20759,Paid In Full
a04IV00000rHNfJYAW,20766,Paid In Full
a04IV00000rHNfKYAW,20790,Paid In Full
a04IV00000rHNfLYAW,20812,Paid In Full
a04IV00000rHNfMYAW,20822,Paid In Full
a04IV00000rHNewYAG,20826,Paid In Full
a04IV00000rHNfNYAW,20832,Paid In Full
a04IV00000rHNfOYAW,20866,Paid In Full
a04IV00000rHNfPYAW,20870,Paid In Full
a04IV00000rHNe5YAG,20872,Paid In Full
a04IV00000rHNd3YAG,20873,Paid In Full
a04IV00000rHNfQYAW,20897,Paid In Full
a04IV00000rHNfRYAW,20914,Paid In Full
a04IV00000rHNdUYAW,20933,Paid In Full
a04IV00000rHNeWYAW,20947,Paid In Full
a04IV00000rHNfSYAW,20984,Paid In Full
a04IV00000rHNeEYAW,20987,Paid In Full
a04IV00000rHNfTYAW,21021,Paid In Full
a04IV00000rHNfUYAW,21028,Paid In Full
a04IV00000rHNfVYAW,21033,Paid In Full
a04IV00000rHNdqYAG,21035,Paid In Full
a04IV00000rHNd6YAG,21049,Paid In Full
a04IV00000rHNfWYAW,21054,Paid In Full
a04IV00000rHNfXYAW,21060,Paid In Full
a04IV00000rHNfbYAG,19794,Paid In Full
a04IV00000rHNfZYAW,19828,Paid In Full
a04IV00000rHNfdYAG,19935,Paid In Full
a04IV00000rHNfeYAG,20099,Paid In Full
a04IV00000rHNffYAG,20174,Paid In Full
a04IV00000rHNfgYAG,20200,Paid In Full
a04IV00000rHNfhYAG,20238,Paid In Full
a04IV00000rHNfiYAG,20262,Paid In Full
a04IV00000rHNfaYAG,20287,Paid In Full
a04IV00000rHNfjYAG,20370,Paid In Full
a04IV00000rHNfkYAG,20389,Paid In Full
a04IV00000rHNflYAG,20442,Paid In Full
a04IV00000rHNfmYAG,20758,Paid In Full
a04IV00000rHNfcYAG,20808,Paid In Full
a04IV00000rHNfnYAG,20838,Paid In Full
a04IV00000rHNfoYAG,20894,Paid In Full
a04IV00000rHNfpYAG,20974,Paid In Full
a04IV00000rHNa3YAG,19749,Paid In Full
a04IV00000rHNfsYAG,19751,Paid In Full
a04IV00000rHNa4YAG,19754,Paid In Full
a04IV00000rHNZjYAO,19762,Paid In Full
a04IV00000rHNZhYAO,19764,Paid In Full
a04IV00000rHNa5YAG,19766,Paid In Full
a04IV00000rHNZpYAO,19771,Open
a04IV00000rHNfyYAG,19774,Paid In Full
a04IV00000rHNa8YAG,19778,Paid In Full
a04IV00000rHNa9YAG,19780,Paid In Full
a04IV00000rHNaAYAW,19785,Paid In Full
a04IV00000rHNaCYAW,19792,Paid In Full
a04IV00000rHNZoYAO,19802,Paid In Full
a04IV00000rHNaDYAW,19810,Paid In Full
a04IV00000rHNZbYAO,19812,Paid In Full
a04IV00000rHNa6YAG,19814,Paid In Full
a04IV00000rHNaEYAW,19820,Paid In Full
a04IV00000rHNaFYAW,19823,Paid In Full
a04IV00000rHNZuYAO,19826,Paid In Full
a04IV00000rHNaGYAW,19834,Paid In Full
a04IV00000rH7I3YAK,19837,Paid In Full
a04IV00000rHNaHYAW,19844,Paid In Full
a04IV00000rHNaIYAW,19846,Paid In Full
a04IV00000rHNaJYAW,19850,Paid In Full
a04IV00000rHNZiYAO,19853,Paid In Full
a04IV00000rHNaKYAW,19857,Paid In Full
a04IV00000rHNaLYAW,19860,Paid In Full
a04IV00000rHNaMYAW,19862,Paid In Full
a04IV00000rHNaOYAW,19864,Paid In Full
a04IV00000rHNfxYAG,19867,Paid In Full
a04IV00000rHNaPYAW,19871,Paid In Full
a04IV00000rHNaQYAW,19909,Paid In Full
a04IV00000rHNZdYAO,19917,Paid In Full
a04IV00000rHNfwYAG,19919,Paid In Full
a04IV00000rHNaNYAW,19922,Paid In Full
a04IV00000rHNa7YAG,19930,Paid In Full
a04IV00000rHNZgYAO,19940,Paid In Full
a04IV00000rHNaRYAW,19942,Paid In Full
a04IV00000rHNaSYAW,19944,Paid In Full
a04IV00000rHNZfYAO,19949,Paid In Full
a04IV00000rHNaTYAW,19952,Paid In Full
a04IV00000rHNZZYA4,19955,Paid In Full
a04IV00000rHNaUYAW,19958,Paid In Full
a04IV00000rHNaVYAW,19961,Paid In Full
a04IV00000rHNaXYAW,19964,Paid In Full
a04IV00000rHNaYYAW,19967,Paid In Full
a04IV00000rHNabYAG,19972,Paid In Full
a04IV00000rHNZwYAO,19979,Paid In Full
a04IV00000rHNZeYAO,19985,Paid In Full
a04IV00000rHNZnYAO,19996,Paid In Full
a04IV00000rHNacYAG,19999,Paid In Full
a04IV00000rHNadYAG,20001,Paid In Full
a04IV00000rHNaZYAW,20012,Paid In Full
a04IV00000rHNaeYAG,20015,Paid In Full
a04IV00000rHNafYAG,20018,Paid In Full
a04IV00000rHNZvYAO,20022,Paid In Full
a04IV00000rHNaaYAG,20029,Paid In Full
a04IV00000rHNZaYAO,20031,Paid In Full
a04IV00000rHNfvYAG,20033,Paid In Full
a04IV00000rHNZxYAO,20042,Paid In Full
a04IV00000rHNfzYAG,20053,Paid In Full
a04IV00000rHNagYAG,20055,Paid In Full
a04IV00000rHNZsYAO,20071,Paid In Full
a04IV00000rHNZlYAO,20076,Paid In Full
a04IV00000rHNfrYAG,20086,Paid In Full
a04IV00000rHNahYAG,20104,Paid In Full
a04IV00000rHNaiYAG,20111,Paid In Full
a04IV00000rHNajYAG,20119,Paid In Full
a04IV00000rHNZcYAO,20121,Open
a04IV00000rHNakYAG,20125,Paid In Full
a04IV00000rHNZyYAO,20127,Paid In Full
a04IV00000rHNftYAG,20129,Paid In Full
a04IV00000rHNaWYAW,20132,Paid In Full
a04IV00000rHNZzYAO,20146,Paid In Full
a04IV00000rHNalYAG,20151,Open
a04IV00000rHNamYAG,20158,Paid In Full
a04IV00000rHNanYAG,20162,Paid In Full
a04IV00000rHNZtYAO,20164,Paid In Full
a04IV00000rHNa2YAG,20170,Paid In Full
a04IV00000rHNaoYAG,20180,Paid In Full
a04IV00000rHNbeYAG,20191,Paid In Full
a04IV00000rHNbfYAG,20205,Paid In Full
a04IV00000rHNbgYAG,20208,Paid In Full
a04IV00000rHNb9YAG,20218,Paid In Full
a04IV00000rHNb0YAG,20222,Paid In Full
a04IV00000rHNbiYAG,20225,Paid In Full
a04IV00000rHNbjYAG,20227,Paid In Full
a04IV00000rHNbkYAG,20234,Paid In Full
a04IV00000rHNblYAG,20249,Paid In Full
a04IV00000rHNbnYAG,20265,Paid In Full
a04IV00000rHNboYAG,20276,Open
a04IV00000rHNb7YAG,20279,Paid In Full
a04IV00000rHNbpYAG,20283,Paid In Full
a04IV00000rHNbqYAG,20294,Paid In Full
a04IV00000rHNbrYAG,20298,Paid In Full
a04IV00000rHNbsYAG,20302,Paid In Full
a04IV00000rHNbtYAG,20305,Paid In Full
a04IV00000rHNbWYAW,20309,Paid In Full
a04IV00000rHNbZYAW,20312,Paid In Full
a04IV00000rHNbuYAG,20319,Paid In Full
a04IV00000rHNbDYAW,20323,Paid In Full
a04IV00000rHNbvYAG,20325,Paid In Full
a04IV00000rHNbHYAW,20328,Paid In Full
a04IV00000rHNbwYAG,20332,Paid In Full
a04IV00000rHNbxYAG,20334,Paid In Full
a04IV00000rHNbyYAG,20336,Paid In Full
a04IV00000rHNbzYAG,20339,Open
a04IV00000rHNbaYAG,20346,Paid In Full
a04IV00000rHNa1YAG,20357,Paid In Full
a04IV00000rHNc0YAG,20359,Paid In Full
a04IV00000rHNc1YAG,20361,Paid In Full
a04IV00000rHNbMYAW,20367,Paid In Full
a04IV00000rHNc2YAG,20373,Paid In Full
a04IV00000rHNc3YAG,20377,Paid In Full
a04IV00000rHNc4YAG,20381,Paid In Full
a04IV00000rHNc5YAG,20384,Paid In Full
a04IV00000rHNbAYAW,20391,Paid In Full
a04IV00000rHNc6YAG,20394,Paid In Full
a04IV00000rHNbNYAW,20398,Paid In Full
a04IV00000rHNc7YAG,20404,Paid In Full
a04IV00000rHNbRYAW,20407,Paid In Full
a04IV00000rHNc8YAG,20416,Paid In Full
a04IV00000rHNbOYAW,20420,Paid In Full
a04IV00000rHNc9YAG,20428,Paid In Full
a04IV00000rHNcBYAW,20432,Paid In Full
a04IV00000rHNbGYAW,20436,Paid In Full
a04IV00000rHNaxYAG,20444,Paid In Full
a04IV00000rHNcCYAW,20447,Paid In Full
a04IV00000rHNcEYAW,20454,Paid In Full
a04IV00000rHNb5YAG,20458,Paid In Full
a04IV00000rHNcFYAW,20467,Paid In Full
a04IV00000rHNbEYAW,20471,Paid In Full
a04IV00000rHNcGYAW,20475,Paid In Full
a04IV00000rHNcHYAW,20480,Paid In Full
a04IV00000rHNcIYAW,20490,Paid In Full
a04IV00000rHNbcYAG,20504,Paid In Full
a04IV00000rHNcJYAW,20518,Paid In Full
a04IV00000rHNfqYAG,20536,Paid In Full
a04IV00000rHNaBYAW,20539,Paid In Full
a04IV00000rHNbdYAG,20546,Paid In Full
a04IV00000rHNcLYAW,20548,Paid In Full
a04IV00000rHNbIYAW,20551,Open
a04IV00000rHNcMYAW,20554,Paid In Full
a04IV00000rHNcNYAW,20560,Paid In Full
a04IV00000rHNbBYAW,20568,Paid In Full
a04IV00000rHNcOYAW,20571,Paid In Full
a04IV00000rHNcPYAW,20583,Paid In Full
a04IV00000rHNcQYAW,20594,Paid In Full
a04IV00000rHNcRYAW,20600,Paid In Full
a04IV00000rHNb2YAG,20604,Paid In Full
a04IV00000rHNcSYAW,20608,Paid In Full
a04IV00000rHNcTYAW,20611,Paid In Full
a04IV00000rHNcVYAW,20614,Paid In Full
a04IV00000rHNcWYAW,20616,Paid In Full
a04IV00000rHNcXYAW,20620,Paid In Full
a04IV00000rHNb8YAG,20633,Paid In Full
a04IV00000rHNcZYAW,20636,Open
a04IV00000rHNZkYAO,20639,Paid In Full
a04IV00000rHNceYAG,20641,Paid In Full
a04IV00000rHNbPYAW,20645,Open
a04IV00000rHNcfYAG,20650,Paid In Full
a04IV00000rHNcgYAG,20652,Paid In Full
a04IV00000rHNchYAG,20676,Paid In Full
a04IV00000rHNZmYAO,20680,Paid In Full
a04IV00000rHNciYAG,20684,Paid In Full
a04IV00000rHNg0YAG,20691,Paid In Full
a04IV00000rHNbmYAG,20700,Paid In Full
a04IV00000rHNcjYAG,20708,Paid In Full
a04IV00000rHNclYAG,20711,Paid In Full
a04IV00000rHNcmYAG,20714,Paid In Full
a04IV00000rHNb1YAG,20717,Paid In Full
a04IV00000rHNasYAG,20723,Paid In Full
a04IV00000rHNg1YAG,20725,Paid In Full
a04IV00000rHNbLYAW,20732,Paid In Full
a04IV00000rHNg2YAG,20736,Paid In Full
a04IV00000rHNg3YAG,20739,Paid In Full
a04IV00000rHNbXYAW,20741,Paid In Full
a04IV00000rHNg4YAG,20747,Paid In Full
a04IV00000rHNccYAG,20749,Paid In Full
a04IV00000rHNcdYAG,20751,Paid In Full
a04IV00000rHNg5YAG,20753,Paid In Full
a04IV00000rHNcYYAW,20764,Paid In Full
a04IV00000rHNavYAG,20777,Paid In Full
a04IV00000rHNg6YAG,20788,Paid In Full
a04IV00000rHNazYAG,20792,Paid In Full
a04IV00000rHNg7YAG,20795,Paid In Full
a04IV00000rHNg8YAG,20799,Paid In Full
a04IV00000rHNbCYAW,20816,Paid In Full
a04IV00000rHNbVYAW,20818,Open
a04IV00000rHNb6YAG,20820,Paid In Full
a04IV00000rHNg9YAG,20823,Paid In Full
a04IV00000rHNcAYAW,20827,Paid In Full
a04IV00000rHNgAYAW,20862,Open
a04IV00000rHNaqYAG,20867,Paid In Full
a04IV00000rHNcDYAW,20871,Paid In Full
a04IV00000rHNgBYAW,20876,Paid In Full
a04IV00000rHNgCYAW,20882,Paid In Full
a04IV00000rHNgDYAW,20884,Paid In Full
a04IV00000rHNgFYAW,20898,Paid In Full
a04IV00000rHNgGYAW,20900,Paid In Full
a04IV00000rHNgHYAW,20904,Paid In Full
a04IV00000rHNbbYAG,20907,Paid In Full
a04IV00000rHNgIYAW,20911,Paid In Full
a04IV00000rHNgJYAW,20915,Paid In Full
a04IV00000rHNcaYAG,20917,Paid In Full
a04IV00000rHNb3YAG,20919,Paid In Full
a04IV00000rHNgKYAW,20934,Paid In Full
a04IV00000rHNbJYAW,20948,Paid In Full
a04IV00000rHNarYAG,20949,Paid In Full
a04IV00000rHNatYAG,20951,Paid In Full
a04IV00000rHNbTYAW,20953,Paid In Full
a04IV00000rHNgLYAW,20955,Open
a04IV00000rHNfuYAG,20957,Paid In Full
a04IV00000rHNbhYAG,20959,Paid In Full
a04IV00000rHNbYYAW,20977,Paid In Full
a04IV00000rHNckYAG,20980,Paid In Full
a04IV00000rHNgMYAW,20985,Paid In Full
a04IV00000rHNgNYAW,20989,Paid In Full
a04IV00000rHNb4YAG,20994,Paid In Full
a04IV00000rHNayYAG,20996,Paid In Full
a04IV00000rHNbFYAW,20998,Paid In Full
a04IV00000rHNZrYAO,21000,Open
a04IV00000rHNbUYAW,21002,Paid In Full
a04IV00000rHNcbYAG,21005,Paid In Full
a04IV00000rHNbSYAW,21007,Paid In Full
a04IV00000rHNauYAG,21009,Paid In Full
a04IV00000rHNcKYAW,21019,Paid In Full
a04IV00000rHNbKYAW,21022,Paid In Full
a04IV00000rHNgOYAW,21029,Paid In Full
a04IV00000rHNgPYAW,21034,Paid In Full
a04IV00000rHNcUYAW,21038,Paid In Full
a04IV00000rHNawYAG,21040,Paid In Full
a04IV00000rHNgQYAW,21050,Paid In Full
a04IV00000rHNapYAG,21055,Paid In Full
a04IV00000rHNZqYAO,21058,Paid In Full
a04IV00000rHNgXYAW,20727,Paid In Full
a04IV00000rHNgeYAG,20813,Paid In Full
a04IV00000rHNgUYAW,20728,Paid In Full
a04IV00000rHNgWYAW,20968,Paid In Full
a04IV00000rHNgcYAG,21015,Paid In Full
a04IV00000rHNgfYAG,21016,Paid In Full
a04IV00000rHNgdYAG,20068,Paid In Full
a04IV00000rHNgaYAG,20069,Paid In Full
a04IV00000rHNgVYAW,20343,Paid In Full
a04IV00000rHNgbYAG,20579,Paid In Full
a04IV00000rHNggYAG,19851,Paid In Full
a04IV00000rHNgrYAG,19980,Paid In Full
a04IV00000rHNgtYAG,20241,Paid In Full
a04IV00000rHNgkYAG,20558,Paid In Full
a04IV00000rHNguYAG,20242,Paid In Full
a04IV00000rHNgRYAW,20141,Paid In Full
a04IV00000rHNgwYAG,20353,Paid In Full
a04IV00000rHNghYAG,20970,Open
a04IV00000rHNgTYAW,20354,Paid In Full
a04IV00000rHNgSYAW,19937,Open
a04IV00000rHNgxYAG,20966,Paid In Full
a04IV00000rHNgyYAG,20515,Paid In Full
a04IV00000rHNgzYAG,20516,Paid In Full
a04IV00000rHNh0YAG,20195,Paid In Full
a04IV00000rHNh3YAG,20521,Paid In Full
a04IV00000rHNh4YAG,20522,Paid In Full
a04IV00000rHNh5YAG,20523,Paid In Full
a04IV00000rHNgpYAG,20524,Paid In Full
a04IV00000rHNh1YAG,20525,Paid In Full
a04IV00000rHNglYAG,20526,Paid In Full
a04IV00000rHNh6YAG,20670,Paid In Full
a04IV00000rHNh7YAG,20048,Paid In Full
a04IV00000rHNh8YAG,20505,Paid In Full
a04IV00000rHNhBYAW,20891,Open
a04IV00000rHNhCYAW,20133,Paid In Full
a04IV00000rHNhDYAW,20506,Paid In Full
a04IV00000rHNgYYAW,20981,Paid In Full
a04IV00000rHNgnYAG,19816,Paid In Full
a04IV00000rHNhEYAW,19759,Open
a04IV00000rHNhGYAW,20351,Paid In Full
a04IV00000rHNhIYAW,20685,Paid In Full
a04IV00000rHNgiYAG,20060,Paid In Full
a04IV00000rHNgsYAG,20653,Paid In Full
a04IV00000rHNhHYAW,20035,Paid In Full
a04IV00000rHNhJYAW,20743,Paid In Full
a04IV00000rHNhKYAW,20340,Open
a04IV00000rHNhLYAW,20082,Paid In Full
a04IV00000rHNgZYAW,20152,Paid In Full
a04IV00000rHNhMYAW,20181,Paid In Full
a04IV00000rHNhAYAW,20459,Paid In Full
a04IV00000rHNhNYAW,20912,Paid In Full
a04IV00000rHNhOYAW,20849,Open
a04IV00000rHNhPYAW,20425,Paid In Full
a04IV00000rHNgmYAG,20930,Paid In Full
a04IV00000rHNgvYAG,20931,Paid In Full
a04IV00000rHNhQYAW,19945,Paid In Full
a04IV00000rHNhRYAW,19797,Paid In Full
a04IV00000rHNhSYAW,20083,Open
a04IV00000rHNhTYAW,20350,Open
a04IV00000rH7FcYAK,20153,Paid In Full
a04IV00000rHNhUYAW,20542,Paid In Full
a04IV00000rHNgjYAG,20810,Paid In Full
a04IV00000rHNgqYAG,19938,Open
a04IV00000rHNhVYAW,19805,Paid In Full
a04IV00000rHNhWYAW,19976,Paid In Full
a04IV00000rHNhXYAW,19973,Paid In Full
a04IV00000rHNgoYAG,20049,Paid In Full
a04IV00000rHNh2YAG,20307,Paid In Full
a04IV00000rHNhYYAW,20349,Open
a04IV00000rHNhFYAW,20601,Paid In Full
a04IV00000rHNhZYAW,20859,Paid In Full
a04IV00000rHNhaYAG,20908,Open
a04IV00000rHNhfYAG,20167,Open
a04IV00000rHNhgYAG,20168,Paid In Full
a04IV00000rHNhhYAG,20270,Open
a04IV00000rHNhiYAG,20271,Paid In Full
a04IV00000rHNhjYAG,20142,Paid In Full
a04IV00000rHNhnYAG,20122,Paid In Full
a04IV00000rHNhqYAG,20177,Paid In Full
a04IV00000rHNhsYAG,20540,Paid In Full
a04IV00000rHNhtYAG,19887,Paid In Full
a04IV00000rHNhuYAG,19880,Paid In Full
a04IV00000rHNhvYAG,19881,Open
a04IV00000rHNhwYAG,19882,Paid In Full
a04IV00000rHNhxYAG,19893,Paid In Full
a04IV00000rHNhyYAG,19892,Paid In Full
a04IV00000rHNhzYAG,19898,Open
a04IV00000rHNi0YAG,19899,Open
a04IV00000rHNi3YAG,19890,Open
a04IV00000rHNi4YAG,19905,Paid In Full
a04IV00000rHNi1YAG,19906,Paid In Full
a04IV00000rHNi6YAG,20096,Paid In Full
a04IV00000rHNi7YAG,20313,Paid In Full
a04IV00000rHNi5YAG,20314,Paid In Full
a04IV00000rHNi2YAG,20768,Paid In Full
a04IV00000rHNi8YAG,20785,Paid In Full
a04IV00000rHNiEYAW,21052,Paid In Full
a04IV00000rHNiCYAW,20095,Paid In Full
a04IV00000rHNiBYAW,20409,Paid In Full
a04IV00000rHNi9YAG,19946,Paid In Full
a04IV00000rHNiGYAW,20050,Paid In Full
a04IV00000rHNiFYAW,20232,Paid In Full
a04IV00000rHNiHYAW,20266,Paid In Full
a04IV00000rHNiAYAW,20642,Paid In Full
a04IV00000rHNiDYAW,20858,Paid In Full
a04IV00000rHNiIYAW,19931,Paid In Full
a04IV00000rH7KEYA0,20991,Paid In Full
a04IV00000rHNiSYAW,19800,Open
a04IV00000rHNiTYAW,20166,Paid In Full
a04IV00000rHNiUYAW,20695,Paid In Full
a04IV00000rHNiLYAW,20939,Paid In Full
a04IV00000rHNiRYAW,20945,Paid In Full
a04IV00000rHNiZYAW,19798,Paid In Full
a04IV00000rHNiaYAG,19925,Paid In Full
a04IV00000rHNicYAG,19947,Paid In Full
a04IV00000rHNidYAG,20074,Paid In Full
a04IV00000rHNieYAG,20078,Paid In Full
a04IV00000rHNifYAG,20109,Paid In Full
a04IV00000rHNihYAG,20214,Open
a04IV00000rHNibYAG,20281,Paid In Full
a04IV00000rHNiNYAW,20292,Paid In Full
a04IV00000rHNiiYAG,20342,Paid In Full
a04IV00000rHNikYAG,20410,Open
a04IV00000rHNilYAG,20452,Paid In Full
a04IV00000rHNiYYAW,20485,Paid In Full
a04IV00000rHNiMYAW,20509,Paid In Full
a04IV00000rHNiQYAW,20564,Paid In Full
a04IV00000rHNimYAG,20575,Paid In Full
a04IV00000rHNinYAG,20592,Open
a04IV00000rHNioYAG,20698,Paid In Full
a04IV00000rHNipYAG,20745,Open
a04IV00000rHNiqYAG,20773,Open
a04IV00000rHNirYAG,20775,Paid In Full
a04IV00000rHNijYAG,20806,Open
a04IV00000rHNisYAG,20841,Paid In Full
a04IV00000rHNitYAG,20864,Paid In Full
a04IV00000rHNiuYAG,20941,Paid In Full
a04IV00000rHNivYAG,20992,Paid In Full
a04IV00000rHNiOYAW,19790,Paid In Full
a04IV00000rHNiwYAG,20058,Paid In Full
a04IV00000rHNixYAG,20089,Paid In Full
a04IV00000rHNiPYAW,20094,Open
a04IV00000rHNj1YAG,20061,Open
a04IV00000rHNiyYAG,20401,Paid In Full
a04IV00000rHNj2YAG,21026,Open
a04IV00000rHNigYAG,20852,Open
a04IV00000rHNj7YAG,19755,Paid In Full
a04IV00000rHNjCYAW,19795,Paid In Full
a04IV00000rHNiVYAW,19829,Paid In Full
a04IV00000rHNjDYAW,19936,Paid In Full
a04IV00000rHNjEYAW,20100,Paid In Full
a04IV00000rHNjFYAW,20201,Paid In Full
a04IV00000rHNjGYAW,20203,Paid In Full
a04IV00000rHNjHYAW,20239,Paid In Full
a04IV00000rHNjIYAW,20246,Paid In Full
a04IV00000rHNjJYAW,20269,Paid In Full
a04IV00000rHNj0YAG,20288,Paid In Full
a04IV00000rHNiWYAW,20624,Paid In Full
a04IV00000rHNjKYAW,20692,Open
a04IV00000rHNjLYAW,20742,Paid In Full
a04IV00000rHNj6YAG,20809,Paid In Full
a04IV00000rHNiJYAW,20878,Paid In Full
a04IV00000rHNjMYAW,20890,Paid In Full
a04IV00000rHNjNYAW,20895,Paid In Full
a04IV00000rHNjOYAW,20975,Paid In Full
a04IV00000rHNjbYAG,19752,Paid In Full
a04IV00000rHNjcYAG,19756,Paid In Full
a04IV00000rHNjRYAW,19758,Paid In Full
a04IV00000rHNjdYAG,19767,Paid In Full
a04IV00000rHNjaYAG,19775,Paid In Full
a04IV00000rHNjeYAG,19781,Paid In Full
a04IV00000rHNjXYAW,19782,Paid In Full
a04IV00000rHNjfYAG,19788,Paid In Full
a04IV00000rHNjgYAG,19803,Paid In Full
a04IV00000rHNjhYAG,19808,Paid In Full
a04IV00000rHNjiYAG,19817,Paid In Full
a04IV00000rHNjUYAW,19824,Paid In Full
a04IV00000rHNjjYAG,19831,Paid In Full
a04IV00000rHNjkYAG,19835,Paid In Full
a04IV00000rH7L9YAK,19838,Paid In Full
a04IV00000rHNj4YAG,19840,Paid In Full
a04IV00000rHNjVYAW,19847,Paid In Full
a04IV00000rHNjlYAG,19848,Paid In Full
a04IV00000rHNjmYAG,19868,Paid In Full
a04IV00000rHNjWYAW,19872,Paid In Full
a04IV00000rHNjPYAW,19907,Paid In Full
a04IV00000rHNjnYAG,19910,Paid In Full
a04IV00000rHNjoYAG,19923,Paid In Full
a04IV00000rHNjpYAG,19932,Paid In Full
a04IV00000rHNjqYAG,19950,Paid In Full
a04IV00000rHNjrYAG,19959,Paid In Full
a04IV00000rHNjsYAG,19965,Paid In Full
a04IV00000rHNjBYAW,19983,Paid In Full
a04IV00000rHNjtYAG,20016,Paid In Full
a04IV00000rHNjuYAG,20024,Paid In Full
a04IV00000rHNjvYAG,20026,Paid In Full
a04IV00000rHNjwYAG,20034,Paid In Full
a04IV00000rHNizYAG,20043,Paid In Full
a04IV00000rHNjxYAG,20079,Paid In Full
a04IV00000rHNjyYAG,20105,Paid In Full
a04IV00000rHNjzYAG,20130,Paid In Full
a04IV00000rHNk0YAG,20159,Paid In Full
a04IV00000rHNk1YAG,20182,Paid In Full
a04IV00000rHNk2YAG,20192,Paid In Full
a04IV00000rHNk3YAG,20219,Paid In Full
a04IV00000rHNk4YAG,20231,Paid In Full
a04IV00000rHNj8YAG,20235,Paid In Full
a04IV00000rHNjTYAW,20256,Open
a04IV00000rHNk5YAG,20284,Paid In Full
a04IV00000rHNk6YAG,20299,Paid In Full
a04IV00000rHNk7YAG,20300,Paid In Full
a04IV00000rHNjQYAW,20306,Paid In Full
a04IV00000rHNk8YAG,20317,Open
a04IV00000rHNjSYAW,20337,Paid In Full
a04IV00000rHNk9YAG,20348,Paid In Full
a04IV00000rHNjZYAW,20362,Paid In Full
a04IV00000rHNkAYAW,20364,Paid In Full
a04IV00000rHNkBYAW,20368,Paid In Full
a04IV00000rHNkCYAW,20371,Open
a04IV00000rHNjAYAW,20379,Paid In Full
a04IV00000rHNkDYAW,20387,Paid In Full
a04IV00000rHNj3YAG,20392,Paid In Full
a04IV00000rHNkEYAW,20395,Paid In Full
a04IV00000rHNjYYAW,20399,Paid In Full
a04IV00000rHNiKYAW,20405,Paid In Full
a04IV00000rHNj5YAG,20417,Paid In Full
a04IV00000rHNkFYAW,20421,Paid In Full
a04IV00000rHNj9YAG,20422,Open
a04IV00000rHNkGYAW,20426,Open
a04IV00000rHNiXYAW,20433,Paid In Full
a04IV00000rHNkTYAW,20437,Paid In Full
a04IV00000rHNkUYAW,20455,Paid In Full
a04IV00000rHNkSYAW,20460,Paid In Full
a04IV00000rHNkVYAW,20465,Paid In Full
a04IV00000rHNkWYAW,20468,Paid In Full
a04IV00000rHNkJYAW,20472,Paid In Full
a04IV00000rHNkXYAW,20476,Paid In Full
a04IV00000rHNkYYAW,20481,Paid In Full
a04IV00000rHNkZYAW,20487,Paid In Full
a04IV00000rHNkaYAG,20491,Paid In Full
a04IV00000rHNkRYAW,20531,Paid In Full
a04IV00000rHNkbYAG,20532,Paid In Full
a04IV00000rHNkcYAG,20534,Paid In Full
a04IV00000rHNkdYAG,20549,Paid In Full
a04IV00000rHNkeYAG,20561,Paid In Full
a04IV00000rHNkPYAW,20572,Paid In Full
a04IV00000rHNkfYAG,20595,Paid In Full
a04IV00000rHNkgYAG,20596,Paid In Full
a04IV00000rHNkhYAG,20605,Paid In Full
a04IV00000rHNkiYAG,20609,Paid In Full
a04IV00000rHNkjYAG,20612,Paid In Full
a04IV00000rHNkkYAG,20618,Paid In Full
a04IV00000rHNklYAG,20625,Paid In Full
a04IV00000rHNkmYAG,20626,Paid In Full
a04IV00000rHNknYAG,20634,Paid In Full
a04IV00000rHNkoYAG,20671,Paid In Full
a04IV00000rHNkHYAW,20682,Paid In Full
a04IV00000rHNkqYAG,20705,Open
a04IV00000rHNkIYAW,20721,Paid In Full
a04IV00000rHNkrYAG,20726,Paid In Full
a04IV00000rHNksYAG,20733,Paid In Full
a04IV00000rHNktYAG,20765,Paid In Full
a04IV00000rHNkuYAG,20767,Paid In Full
a04IV00000rHNkOYAW,20778,Paid In Full
a04IV00000rHNkvYAG,20786,Paid In Full
a04IV00000rHNkwYAG,20789,Paid In Full
a04IV00000rHNkxYAG,20793,Paid In Full
a04IV00000rHNkyYAG,20800,Paid In Full
a04IV00000rHNkzYAG,20824,Paid In Full
a04IV00000rHNkLYAW,20828,Paid In Full
a04IV00000rHNl0YAG,20833,Open
a04IV00000rHNl1YAG,20842,Paid In Full
a04IV00000rHNkQYAW,20843,Paid In Full
a04IV00000rHNl2YAG,20847,Paid In Full
a04IV00000rHNl3YAG,20850,Paid In Full
a04IV00000rHNl4YAG,20853,Open
a04IV00000rHNl5YAG,20863,Paid In Full
a04IV00000rHNl6YAG,20868,Paid In Full
a04IV00000rHNl7YAG,20874,Paid In Full
a04IV00000rHNkMYAW,20902,Paid In Full
a04IV00000rHNl8YAG,20905,Paid In Full
a04IV00000rHNl9YAG,20920,Paid In Full
a04IV00000rHNlAYAW,20935,Paid In Full
a04IV00000rHNlBYAW,20960,Paid In Full
a04IV00000rHNlCYAW,20961,Paid In Full
a04IV00000rHNlDYAW,20962,Paid In Full
a04IV00000rHNkNYAW,20986,Paid In Full
a04IV00000rHNkpYAG,21003,Paid In Full
a04IV00000rHNlEYAW,21010,Paid In Full
a04IV00000rHNlFYAW,21023,Paid In Full
a04IV00000rHNlGYAW,21041,Paid In Full
a04IV00000rHNkKYAW,21044,Paid In Full
a04IV00000rHNlHYAW,21059,Paid In Full
a04IV00000rHNlIYAW,21061,Paid In Full
a04IV00000rHNlPYAW,27395,Paid In Full
a04IV00000rHNlQYAW,27396,Paid In Full
a04IV00000rHNlRYAW,27397,Paid In Full
a04IV00000rHNlSYAW,27398,Paid In Full
a04IV00000rHNlOYAW,27399,Paid In Full
a04IV00000rHNlTYAW,27400,Paid In Full
a04IV00000rHNlUYAW,27401,Paid In Full
a04IV00000rHNlVYAW,27402,Paid In Full
a04IV00000rHNlNYAW,27403,Paid In Full
a04IV00000rHNlWYAW,27404,Paid In Full
a04IV00000rHNlXYAW,27405,Paid In Full
a04IV00000rHNlMYAW,27406,Paid In Full
a04IV00000rHNlYYAW,27407,Paid In Full
a04IV00000rHNlZYAW,27408,Paid In Full
a04IV00000rHNlKYAW,27409,Paid In Full
a04IV00000rHNlaYAG,27410,Paid In Full
a04IV00000rHNlbYAG,27411,Paid In Full
a04IV00000rHNlhYAG,27412,Paid In Full
a04IV00000rHNliYAG,27413,Paid In Full
a04IV00000rHNlkYAG,27414,Paid In Full
a04IV00000rHNllYAG,27415,Paid In Full
a04IV00000rHNlmYAG,27416,Paid In Full
a04IV00000rHNlnYAG,27417,Paid In Full
a04IV00000rHNloYAG,27418,Open
a04IV00000rHNlpYAG,27419,Paid In Full
a04IV00000rHNlqYAG,27420,Paid In Full
a04IV00000rHNlrYAG,27421,Paid In Full
a04IV00000rHNlsYAG,27422,Paid In Full
a04IV00000rHNltYAG,27423,Paid In Full
a04IV00000rHNluYAG,27424,Paid In Full
a04IV00000rHNlvYAG,27425,Paid In Full
a04IV00000rHNlcYAG,27426,Paid In Full
a04IV00000rHNlwYAG,27427,Paid In Full
a04IV00000rHNlxYAG,27428,Paid In Full
a04IV00000rHNlyYAG,27429,Paid In Full
a04IV00000rHNlzYAG,27430,Paid In Full
a04IV00000rHNm0YAG,27431,Paid In Full
a04IV00000rHNm1YAG,27432,Paid In Full
a04IV00000rHNm2YAG,27433,Paid In Full
a04IV00000rHNm3YAG,27434,Paid In Full
a04IV00000rHNm4YAG,27435,Paid In Full
a04IV00000rHNm5YAG,27436,Paid In Full
a04IV00000rHNm6YAG,27437,Paid In Full
a04IV00000rHNm8YAG,27438,Paid In Full
a04IV00000rHNm9YAG,27439,Paid In Full
a04IV00000rHNmAYAW,27440,Paid In Full
a04IV00000rHNmBYAW,27441,Paid In Full
a04IV00000rHNmCYAW,27442,Paid In Full
a04IV00000rHNmDYAW,27443,Paid In Full
a04IV00000rHNmEYAW,27444,Paid In Full
a04IV00000rHNmFYAW,27445,Paid In Full
a04IV00000rHNmGYAW,27446,Paid In Full
a04IV00000rHNmHYAW,27447,Paid In Full
a04IV00000rHNmIYAW,27448,Paid In Full
a04IV00000rHNmJYAW,27449,Paid In Full
a04IV00000rHNmKYAW,27450,Paid In Full
a04IV00000rHNmLYAW,27451,Paid In Full
a04IV00000rHNmNYAW,27452,Paid In Full
a04IV00000rHNmOYAW,27453,Paid In Full
a04IV00000rHNmPYAW,27454,Paid In Full
a04IV00000rHNmQYAW,27455,Paid In Full
a04IV00000rHNmRYAW,27456,Paid In Full
a04IV00000rHNmSYAW,27457,Paid In Full
a04IV00000rHNo5YAG,27458,Paid In Full
a04IV00000rHNo6YAG,27459,Paid In Full
a04IV00000rHNo7YAG,27460,Open
a04IV00000rHNo8YAG,27461,Paid In Full
a04IV00000rHNo9YAG,27462,Paid In Full
a04IV00000rHNoAYAW,27463,Paid In Full
a04IV00000rHNoBYAW,27464,Paid In Full
a04IV00000rHNoCYAW,27465,Paid In Full
a04IV00000rHNoDYAW,27466,Paid In Full
a04IV00000rHNoEYAW,27467,Paid In Full
a04IV00000rHNoFYAW,27468,Paid In Full
a04IV00000rHNoGYAW,27469,Paid In Full
a04IV00000rHNoHYAW,27470,Paid In Full
a04IV00000rHNoIYAW,27471,Paid In Full
a04IV00000rHNoJYAW,27472,Paid In Full
a04IV00000rHNoKYAW,27473,Paid In Full
a04IV00000rHNoLYAW,27474,Paid In Full
a04IV00000rHNoMYAW,27475,Paid In Full
a04IV00000rHNmMYAW,27476,Open
a04IV00000rHNoNYAW,27477,Paid In Full
a04IV00000rHNoOYAW,27478,Paid In Full
a04IV00000rHNoPYAW,27479,Paid In Full
a04IV00000rHNoQYAW,27480,Paid In Full
a04IV00000rHNlfYAG,27481,Open
a04IV00000rHNoRYAW,27482,Paid In Full
a04IV00000rHNm7YAG,27483,Paid In Full
a04IV00000rHNoSYAW,27484,Paid In Full
a04IV00000rHNoTYAW,27485,Paid In Full
a04IV00000rHNoUYAW,27486,Paid In Full
a04IV00000rHNoVYAW,27487,Open
a04IV00000rHNoWYAW,27488,Paid In Full
a04IV00000rHNoXYAW,27489,Paid In Full
a04IV00000rHNoYYAW,27490,Paid In Full
a04IV00000rHNoZYAW,27491,Paid In Full
a04IV00000rHNoaYAG,27492,Paid In Full
a04IV00000rHNodYAG,27493,Paid In Full
a04IV00000rHNoeYAG,27494,Paid In Full
a04IV00000rHNofYAG,27495,Paid In Full
a04IV00000rHNogYAG,27496,Paid In Full
a04IV00000rHNohYAG,27497,Paid In Full
a04IV00000rHNoiYAG,27498,Paid In Full
a04IV00000rHNokYAG,27499,Paid In Full
a04IV00000rHNolYAG,27500,Paid In Full
a04IV00000rHNomYAG,27501,Paid In Full
a04IV00000rHNonYAG,27502,Paid In Full
a04IV00000rHNooYAG,27503,Paid In Full
a04IV00000rHNopYAG,27504,Open
a04IV00000rHNoqYAG,27505,Paid In Full
a04IV00000rHNorYAG,27506,Paid In Full
a04IV00000rHNosYAG,27507,Paid In Full
a04IV00000rHNotYAG,27508,Paid In Full
a04IV00000rHNouYAG,27509,Paid In Full
a04IV00000rHNovYAG,27510,Paid In Full
a04IV00000rHNoxYAG,27511,Paid In Full
a04IV00000rHNoyYAG,27512,Paid In Full
a04IV00000rHNp0YAG,27513,Paid In Full
a04IV00000rHNlgYAG,27514,Paid In Full
a04IV00000rHNp1YAG,27515,Paid In Full
a04IV00000rHNp4YAG,27516,Paid In Full
a04IV00000rHNp6YAG,27517,Paid In Full
a04IV00000rHNp7YAG,27518,Paid In Full
a04IV00000rHNp8YAG,27519,Paid In Full
a04IV00000rHNp9YAG,27520,Paid In Full
a04IV00000rHNpAYAW,27521,Open
a04IV00000rHNpBYAW,27522,Paid In Full
a04IV00000rHNpCYAW,27523,Open
a04IV00000rHNpDYAW,27524,Paid In Full
a04IV00000rHNpFYAW,27525,Paid In Full
a04IV00000rHNpGYAW,27526,Paid In Full
a04IV00000rHNpHYAW,27527,Paid In Full
a04IV00000rHNpIYAW,27528,Paid In Full
a04IV00000rHNpJYAW,27529,Paid In Full
a04IV00000rHNpKYAW,27530,Paid In Full
a04IV00000rHNpMYAW,27531,Paid In Full
a04IV00000rHNpNYAW,27532,Paid In Full
a04IV00000rHNp5YAG,27533,Paid In Full
a04IV00000rHNpOYAW,27534,Paid In Full
a04IV00000rHNpPYAW,27535,Paid In Full
a04IV00000rHNpQYAW,27536,Paid In Full
a04IV00000rHNpRYAW,27537,Paid In Full
a04IV00000rHNp2YAG,27538,Paid In Full
a04IV00000rHNpSYAW,27539,Paid In Full
a04IV00000rHNpTYAW,27540,Paid In Full
a04IV00000rHNpUYAW,27541,Paid In Full
a04IV00000rHNpWYAW,27542,Paid In Full
a04IV00000rHNpXYAW,27543,Paid In Full
a04IV00000rHNpYYAW,27544,Paid In Full
a04IV00000rHNpZYAW,27545,Paid In Full
a04IV00000rHNocYAG,27546,Paid In Full
a04IV00000rHNpaYAG,27547,Paid In Full
a04IV00000rHNpbYAG,27548,Paid In Full
a04IV00000rHNpcYAG,27549,Paid In Full
a04IV00000rHNpdYAG,27550,Paid In Full
a04IV00000rHNpeYAG,27551,Paid In Full
a04IV00000rHNpfYAG,27552,Paid In Full
a04IV00000rHNpgYAG,27553,Paid In Full
a04IV00000rHNpiYAG,27554,Paid In Full
a04IV00000rHNleYAG,27555,Paid In Full
a04IV00000rHNpjYAG,27556,Paid In Full
a04IV00000rHNpkYAG,27557,Open
a04IV00000rHNplYAG,27558,Paid In Full
a04IV00000rHNpmYAG,27559,Paid In Full
a04IV00000rHNpoYAG,27560,Paid In Full
a04IV00000rHNppYAG,27561,Paid In Full
a04IV00000rHNprYAG,27562,Paid In Full
a04IV00000rHNpsYAG,27563,Paid In Full
a04IV00000rHNptYAG,27564,Paid In Full
a04IV00000rHNpuYAG,27565,Paid In Full
a04IV00000rHNpvYAG,27566,Paid In Full
a04IV00000rHNpwYAG,27567,Paid In Full
a04IV00000rHNpqYAG,27568,Paid In Full
a04IV00000rHNpxYAG,27569,Paid In Full
a04IV00000rHNpyYAG,27570,Paid In Full
a04IV00000rHNpzYAG,27571,Paid In Full
a04IV00000rHNq0YAG,27572,Open
a04IV00000rHNq1YAG,27573,Paid In Full
a04IV00000rHNq2YAG,27574,Paid In Full
a04IV00000rHNq3YAG,27575,Open
a04IV00000rHNq4YAG,27576,Paid In Full
a04IV00000rHNq5YAG,27577,Paid In Full
a04IV00000rHNq6YAG,27578,Paid In Full
a04IV00000rHNq7YAG,27579,Paid In Full
a04IV00000rHNq8YAG,27580,Paid In Full
a04IV00000rHNq9YAG,27581,Paid In Full
a04IV00000rHNqAYAW,27582,Paid In Full
a04IV00000rHNqBYAW,27583,Paid In Full
a04IV00000rHNqCYAW,27584,Paid In Full
a04IV00000rHNqDYAW,27585,Paid In Full
a04IV00000rHNqEYAW,27586,Paid In Full
a04IV00000rHNqFYAW,27587,Paid In Full
a04IV00000rHNqGYAW,27588,Paid In Full
a04IV00000rHNljYAG,27589,Paid In Full
a04IV00000rHNqHYAW,27590,Paid In Full
a04IV00000rHNqIYAW,27591,Paid In Full
a04IV00000rHNpLYAW,27592,Paid In Full
a04IV00000rHNojYAG,27593,Paid In Full
a04IV00000rHNqJYAW,27594,Paid In Full
a04IV00000rHNqKYAW,27595,Paid In Full
a04IV00000rHNlJYAW,27596,Paid In Full
a04IV00000rHNqLYAW,27597,Paid In Full
a04IV00000rHNqNYAW,27598,Paid In Full
a04IV00000rHNqOYAW,27599,Paid In Full
a04IV00000rHNqPYAW,27600,Paid In Full
a04IV00000rHNqQYAW,27601,Paid In Full
a04IV00000rHNqRYAW,27602,Paid In Full
a04IV00000rHNqSYAW,27603,Paid In Full
a04IV00000rHNqTYAW,27604,Paid In Full
a04IV00000rHNp3YAG,27605,Paid In Full
a04IV00000rHNqUYAW,27606,Paid In Full
a04IV00000rHNqVYAW,27607,Paid In Full
a04IV00000rHNqWYAW,27608,Open
a04IV00000rHNpnYAG,27609,Paid In Full
a04IV00000rHNqXYAW,27610,Paid In Full
a04IV00000rHNqYYAW,27611,Paid In Full
a04IV00000rHNqZYAW,27612,Paid In Full
a04IV00000rHNqaYAG,27613,Paid In Full
a04IV00000rHNqcYAG,27615,Paid In Full
a04IV00000rHNqMYAW,27616,Paid In Full
a04IV00000rHNozYAG,27617,Paid In Full
a04IV00000rHNqdYAG,27618,Paid In Full
a04IV00000rHNqeYAG,27619,Paid In Full
a04IV00000rHNobYAG,27620,Paid In Full
a04IV00000rHNqfYAG,27621,Paid In Full
a04IV00000rHNqgYAG,27622,Paid In Full
a04IV00000rHNqhYAG,27623,Paid In Full
a04IV00000rHNqiYAG,27624,Paid In Full
a04IV00000rHNlLYAW,27625,Paid In Full
a04IV00000rHNqjYAG,27626,Paid In Full
a04IV00000rHNqkYAG,27627,Paid In Full
a04IV00000rHNqlYAG,27628,Open
a04IV00000rHNqmYAG,27629,Paid In Full
a04IV00000rHNqnYAG,27630,Paid In Full
a04IV00000rHNqoYAG,27631,Paid In Full
a04IV00000rHNqpYAG,27632,Paid In Full
a04IV00000rHNpVYAW,27633,Paid In Full
a04IV00000rHNqqYAG,27634,Paid In Full
a04IV00000rHNphYAG,27635,Paid In Full
a04IV00000rHNpEYAW,27636,Paid In Full
a04IV00000rHNqrYAG,27637,Paid In Full
a04IV00000rHNqsYAG,27638,Open
a04IV00000rHNqtYAG,27639,Paid In Full
a04IV00000rHNowYAG,27640,Paid In Full
a04IV00000rHNquYAG,27641,Paid In Full
a04IV00000rHNqvYAG,27642,Paid In Full
a04IV00000rHNqwYAG,27643,Paid In Full
a04IV00000rHNqxYAG,27644,Paid In Full
a04IV00000rHNqyYAG,27645,Paid In Full
a04IV00000rHNqzYAG,27646,Paid In Full
a04IV00000rHNr0YAG,27647,Paid In Full
a04IV00000rHNr1YAG,27648,Paid In Full
a04IV00000rHNldYAG,27649,Paid In Full
a04IV00000rHNr2YAG,27650,Paid In Full
a04IV00000rHNr3YAG,27651,Paid In Full
a04IV00000rHNr5YAG,27652,Paid In Full
a04IV00000rHNr6YAG,27653,Paid In Full
a04IV00000rHNr7YAG,27654,Paid In Full
a04IV00000rHNr8YAG,27655,Paid In Full
a04IV00000rHNr4YAG,27656,Paid In Full
a04IV00000rHNr9YAG,27657,Paid In Full
a04IV00000rHNrDYAW,27658,Open
a04IV00000rHNrEYAW,27659,Open
a04IV00000rHNrBYAW,27660,Open
a04IV00000rHNrFYAW,27661,Open
a04IV00000rHNrGYAW,27662,Open
a04IV00000rHNrCYAW,27663,Paid In Full
a04IV00000rHNrHYAW,27664,Open
a04IV00000rHNrIYAW,27665,Open
a04IV00000rHAsmYAG,27666,Paid In Full
a04IV00000rHAsnYAG,27667,Paid In Full
a04IV00000rHAsoYAG,27668,Paid In Full
a04IV00000rHAsZYAW,27669,Paid In Full
a04IV00000rHAsfYAG,27670,Paid In Full
a04IV00000rHAscYAG,27671,Paid In Full
a04IV00000rHAspYAG,27672,Paid In Full
a04IV00000rHAsqYAG,27673,Paid In Full
a04IV00000rHAsrYAG,27674,Paid In Full
a04IV00000rHAssYAG,27675,Open
a04IV00000rHAstYAG,27676,Open
a04IV00000rHAsuYAG,27677,Open
a04IV00000rHAsvYAG,27678,Paid In Full
a04IV00000rHAshYAG,27679,Paid In Full
a04IV00000rHAswYAG,27680,Paid In Full
a04IV00000rHAskYAG,27681,Open
a04IV00000rHAsxYAG,27682,Open
a04IV00000rHAsgYAG,27683,Open
a04IV00000rHAsyYAG,27684,Paid In Full
a04IV00000rHAszYAG,27685,Paid In Full
a04IV00000rHAt0YAG,27686,Open
a04IV00000rHNrAYAW,27687,Paid In Full
a04IV00000rHAsiYAG,27688,Paid In Full
a04IV00000rHAsbYAG,27689,Paid In Full
a04IV00000rHAsWYAW,27690,Paid In Full
a04IV00000rHAt1YAG,27691,Paid In Full
a04IV00000rHAt2YAG,27692,Open
a04IV00000rHAsVYAW,27693,Paid In Full
a04IV00000rHAsdYAG,27694,Paid In Full
a04IV00000rHAseYAG,27695,Open
a04IV00000rHAsaYAG,27696,Paid In Full
a04IV00000rHAt3YAG,27697,Paid In Full
a04IV00000rHAt4YAG,27698,Open
a04IV00000rHAt5YAG,27699,Paid In Full
a04IV00000rHAt6YAG,27700,Paid In Full
a04IV00000rHAt7YAG,27701,Paid In Full
a04IV00000rHAsXYAW,27702,Paid In Full
a04IV00000rHAsYYAW,27703,Open
a04IV00000rHAt8YAG,27704,Paid In Full
a04IV00000rHAslYAG,27705,Paid In Full
a04IV00000rHAt9YAG,27706,Paid In Full
a04IV00000rHAtAYAW,27707,Paid In Full
a04IV00000rHAtBYAW,27708,Paid In Full
a04IV00000rHAtCYAW,27709,Paid In Full
a04IV00000rHAsjYAG,27710,Paid In Full
a04IV00000rHAtVYAW,27711,Paid In Full
a04IV00000rHAtXYAW,27712,Paid In Full
a04IV00000rHAtYYAW,27713,Paid In Full
a04IV00000rHAtGYAW,27714,Paid In Full
a04IV00000rHAtNYAW,27715,Paid In Full
a04IV00000rHAtZYAW,27716,Open
a04IV00000rHAtaYAG,27717,Paid In Full
a04IV00000rHAtRYAW,27718,Paid In Full
a04IV00000rHAtOYAW,27719,Paid In Full
a04IV00000rHAtDYAW,27720,Paid In Full
a04IV00000rHAtbYAG,27721,Paid In Full
a04IV00000rHAtcYAG,27722,Paid In Full
a04IV00000rHAteYAG,27723,Open
a04IV00000rHAtFYAW,27724,Open
a04IV00000rHAtdYAG,27725,Paid In Full
a04IV00000rHAtfYAG,27726,Open
a04IV00000rHAtgYAG,27727,Paid In Full
a04IV00000rHAtiYAG,27728,Open
a04IV00000rHAtjYAG,27729,Paid In Full
a04IV00000rHAtkYAG,27730,Open
a04IV00000rHAtlYAG,27731,Open
a04IV00000rHAtmYAG,27732,Paid In Full
a04IV00000rHAtnYAG,27733,Paid In Full
a04IV00000rHAtWYAW,27734,Open
a04IV00000rHAtoYAG,27735,Paid In Full
a04IV00000rHAtpYAG,27736,Open
a04IV00000rHAtrYAG,27737,Paid In Full
a04IV00000rHAtsYAG,27738,Paid In Full
a04IV00000rHAttYAG,27739,Paid In Full
a04IV00000rHAtqYAG,27740,Paid In Full
a04IV00000rHAtvYAG,27741,Open
a04IV00000rHAtwYAG,27742,Paid In Full
a04IV00000rHAtyYAG,27743,Paid In Full
a04IV00000rHAu0YAG,27744,Paid In Full
a04IV00000rHAu1YAG,27745,Paid In Full
a04IV00000rHAu2YAG,27746,Paid In Full
a04IV00000rHAu3YAG,27747,Open
a04IV00000rHAu4YAG,27748,Paid In Full
a04IV00000rHAtMYAW,27749,Open
a04IV00000rHNrJYAW,27750,Paid In Full
a04IV00000rHNrKYAW,27751,Paid In Full
a04IV00000rHNrLYAW,27752,Paid In Full
a04IV00000rHNrMYAW,27753,Paid In Full
a04IV00000rHNrNYAW,27754,Paid In Full
a04IV00000rHNrOYAW,27755,Paid In Full
a04IV00000rHNrPYAW,27756,Paid In Full
a04IV00000rHNrRYAW,27757,Paid In Full
a04IV00000rHNrSYAW,27758,Paid In Full
a04IV00000rHAtuYAG,27759,Paid In Full
a04IV00000rHNrTYAW,27760,Paid In Full
a04IV00000rHNrUYAW,27761,Paid In Full
a04IV00000rHNrVYAW,27762,Paid In Full
a04IV00000rHAtKYAW,27763,Open
a04IV00000rHNrWYAW,27764,Paid In Full
a04IV00000rHNrXYAW,27765,Open
a04IV00000rHNrYYAW,27766,Paid In Full
a04IV00000rHAtJYAW,27767,Open
a04IV00000rHNrZYAW,27768,Paid In Full
a04IV00000rHNraYAG,27769,Paid In Full
a04IV00000rHNrbYAG,27770,Paid In Full
a04IV00000rHNrdYAG,27771,Paid In Full
a04IV00000rHNreYAG,27772,Paid In Full
a04IV00000rHNrfYAG,27773,Paid In Full
a04IV00000rHNrgYAG,27774,Open
a04IV00000rHNrhYAG,27775,Paid In Full
a04IV00000rHNriYAG,27776,Paid In Full
a04IV00000rHNrjYAG,27777,Paid In Full
a04IV00000rHNrkYAG,27778,Open
a04IV00000rH7NmYAK,27779,Paid In Full
a04IV00000rHAtxYAG,27780,Paid In Full
a04IV00000rHNrmYAG,27781,Paid In Full
a04IV00000rHAtHYAW,27782,Paid In Full
a04IV00000rHNrnYAG,27783,Paid In Full
a04IV00000rHNroYAG,27784,Paid In Full
a04IV00000rHNrpYAG,27785,Paid In Full
a04IV00000rHNrqYAG,27786,Paid In Full
a04IV00000rHAtPYAW,27787,Paid In Full
a04IV00000rHNrrYAG,27788,Paid In Full
a04IV00000rHNrsYAG,27789,Paid In Full
a04IV00000rHNrtYAG,27790,Paid In Full
a04IV00000rHAtTYAW,27791,Paid In Full
a04IV00000rHNruYAG,27792,Paid In Full
a04IV00000rHAtIYAW,27793,Paid In Full
a04IV00000rHAtSYAW,27794,Open
a04IV00000rHAtLYAW,27795,Paid In Full
a04IV00000rHNrvYAG,27796,Open
a04IV00000rHNrwYAG,27797,Open
a04IV00000rHNrxYAG,27798,Open
a04IV00000rHNryYAG,27799,Paid In Full
a04IV00000rHNrzYAG,27800,Paid In Full
a04IV00000rHNs0YAG,27801,Paid In Full
a04IV00000rHNs1YAG,27802,Paid In Full
a04IV00000rHNrcYAG,27803,Paid In Full
a04IV00000rHNs2YAG,27804,Open
a04IV00000rHNrQYAW,27805,Paid In Full
a04IV00000rHNs3YAG,27806,Paid In Full
a04IV00000rHNs4YAG,27807,Paid In Full
a04IV00000rHNs5YAG,27808,Paid In Full
a04IV00000rHNs6YAG,27809,Paid In Full
a04IV00000rHNs7YAG,27810,Paid In Full
a04IV00000rHNs8YAG,27811,Paid In Full
a04IV00000rHNs9YAG,27812,Open
a04IV00000rHNsAYAW,27813,Open
a04IV00000rHNsBYAW,27814,Open
a04IV00000rHAtzYAG,27815,Paid In Full
a04IV00000rHNsCYAW,27816,Paid In Full
a04IV00000rHNsDYAW,27817,Paid In Full
a04IV00000rHNsEYAW,27818,Paid In Full
a04IV00000rHNsFYAW,27819,Open
a04IV00000rHNsGYAW,27820,Open
a04IV00000rHNsHYAW,27821,Open
a04IV00000rHAtUYAW,27822,Paid In Full
a04IV00000rHNsIYAW,27823,Open
a04IV00000rHAthYAG,27824,Open
a04IV00000rHNsJYAW,27825,Paid In Full
a04IV00000rHNsKYAW,27826,Paid In Full
a04IV00000rHNsLYAW,27827,Paid In Full
a04IV00000rHAtEYAW,27829,Open
a04IV00000rHNsMYAW,27830,Paid In Full
a04IV00000rHNsNYAW,27831,Paid In Full
a04IV00000rHNsQYAW,27832,Paid In Full
a04IV00000rHAtQYAW,27833,Paid In Full
a04IV00000rHNsVYAW,27834,Paid In Full
a04IV00000rHNsTYAW,27835,Paid In Full
a04IV00000rHNsUYAW,27836,Open
a04IV00000rHNsXYAW,27837,Open
a04IV00000rHNsYYAW,27838,Paid In Full
a04IV00000rHNsZYAW,27839,Paid In Full
a04IV00000rHNsWYAW,27840,Paid In Full
a04IV00000rHNsaYAG,27841,Paid In Full
a04IV00000rHNsbYAG,27842,Paid In Full
a04IV00000rHNscYAG,27843,Paid In Full
a04IV00000rHNsdYAG,27844,Paid In Full
a04IV00000rHNsgYAG,27845,Open
a04IV00000rHNshYAG,27846,Open
a04IV00000rHNsiYAG,27847,Paid In Full
a04IV00000rHNsjYAG,27848,Paid In Full
a04IV00000rHNskYAG,27849,Paid In Full
a04IV00000rHNslYAG,27850,Paid In Full
a04IV00000rHNsnYAG,27851,Open
a04IV00000rHNsoYAG,27852,Open
a04IV00000rHNspYAG,27853,Paid In Full
a04IV00000rHNsmYAG,27854,Paid In Full
a04IV00000rHNsqYAG,27855,Paid In Full
a04IV00000rHNsfYAG,27856,Open
a04IV00000rHNsrYAG,27857,Paid In Full
a04IV00000rHNssYAG,27858,Open
a04IV00000rHNstYAG,27859,Open
a04IV00000rHNsuYAG,27860,Open
a04IV00000rHNsvYAG,27861,Paid In Full
a04IV00000rHNmYYAW,27862,Open
a04IV00000rHNmZYAW,27863,Open
a04IV00000rHNmaYAG,27864,Paid In Full
a04IV00000rHNmbYAG,27865,Paid In Full
a04IV00000rHNmXYAW,27866,Paid In Full
a04IV00000rHNseYAG,27867,Paid In Full
a04IV00000rHNmcYAG,27868,Open
a04IV00000rHNmdYAG,27869,Open
