Id,Name
a02ci00000MobAOAAZ,ABB FRANCE-Pixid FR-2026
a02ci00000MobAmAAJ,ABRISUD-Pixid FR-2026
a02ci00000Mob9sAAB,ACIAL-Pixid FR-2026
a02ci00000MobAEAAZ,ADECCO OUTSOURCING-Pixid FR-2026
a02ci00000MobA8AAJ,AGH ALAIN GLON HOLDING-Pixid FR-2026
a02ci00000MobAaAAJ,AKWEL-Pixid FR-2026
a02ci00000MobAcAAJ,ALFA LAVAL GOLBEY (ex : FIVES CRYO)-Pixid FR-2026
a02ci00000Mob7zAAB,ALMA GROUPE-Pixid FR-2026
a02ci00000Mob84AAB,AMPHENOL FCI-Pixid FR-2026
a02ci00000Mob8WAAR,ANGDM-Pixid FR-2026
a02ci00000Mob7qAAB,ANTS-Pixid FR-2026
a02ci00000MobELAAZ,APERAM ALLOYS AMILLY-Pixid FR-2026
a02ci00000MobEAAAZ,ARAYMOND FLUID CONNECTION-Pixid FR-2026
a02ci00000MobE9AAJ,ARAYMOND FRANCE-Pixid FR-2026
a02ci00000MobEBAAZ,ARAYMOND LIFE-Pixid FR-2026
a02ci00000MobEEAAZ,ARMOR PROTEINES-Pixid FR-2026
a02ci00000Mob8IAAR,ASTRAZENECA-Pixid FR-2026
a02ci00000MobAYAAZ,ATS-Pixid FR-2026
a02ci00000MobAGAAZ,AUBIN IMPRIMEUR-Pixid FR-2026
a02ci00000Mob7wAAB,AUTAJON GROUPE-Pixid FR-2026
a02ci00000Mob9jAAB,AVRIL GROUPE-Pixid FR-2026
a02ci00000MobD1AAJ,AXE GROUP-Pixid FR-2026
a02ci00000Mob7tAAB,BACCARAT-Pixid FR-2026
a02ci00000MobAvAAJ,BALL AEROSOL PACKAGING-Pixid FR-2026
a02ci00000Mob8JAAR,BALL PACKAGING GROUPE-Pixid FR-2026
a02ci00000Mob8dAAB,BANQUE POPULAIRE MEDITERRANEE-Pixid FR-2026
a02ci00000MobDmAAJ,BARBIER GROUPE-Pixid FR-2026
a02ci00000MobDWAAZ,BARILLA ST VULBAS-Pixid FR-2026
a02ci00000MobCeAAJ,BASF AGRIPRODUCTION-Pixid FR-2026
a02ci00000MobDnAAJ,BAUMER BOURDON HAENNI (PME)-Pixid FR-2026
a02ci00000Mob89AAB,BERRY GLOBAL - PROMENS - (EX PGI)-Pixid FR-2026
a02ci00000Mob9xAAB,BIC RASOIRS-Pixid FR-2026
a02ci00000MobDQAAZ,BIO HABITAT-Pixid FR-2026
a02ci00000Mob9RAAR,BLANCHON (GROUPE)-Pixid FR-2026
a02ci00000MobDVAAZ,BOEHRINGER INGELHEIM-Pixid FR-2026
a02ci00000Mob90AAB,BONGARD-Pixid FR-2026
a02ci00000Mob8UAAR,BONNEFOY SAS-Pixid FR-2026
a02ci00000MobAHAAZ,BRANDT FRANCE-Pixid FR-2026
a02ci00000Mob9iAAB,CAILLAU-Pixid FR-2026
a02ci00000Mob8eAAB,CAISSE D'EPARGNE BOURGOGNE FRANCHE COMTE (CEBFC)-Pixid FR-2026
a02ci00000MobECAAZ,CAISSE D'EPARGNE RHONE ALPES - (C&S)-Pixid FR-2026
a02ci00000Mob87AAB,CALIDA GROUP (LALLEMAND)-Pixid FR-2026
a02ci00000MobDqAAJ,CAMUS-Pixid FR-2026
a02ci00000Mob8uAAB,CARBODY-Pixid FR-2026
a02ci00000Mob8OAAR,CAREA GROUPE-Pixid FR-2026
a02ci00000MobDjAAJ,CENEXI HSC-Pixid FR-2026
a02ci00000MobDFAAZ,CETIH DEVELOPPEMENT-Pixid FR-2026
a02ci00000Mob9YAAR,CHABANNE-Pixid FR-2026
a02ci00000Mob9fAAB,CHARENTAISE DE DECOR-Pixid FR-2026
a02ci00000Mob92AAB,CHARLES PERROUD-Pixid FR-2026
a02ci00000Mob8KAAR,CHARLES RIVER LABORATOIRE FRANCE CRLF sasu-Pixid FR-2026
a02ci00000MobASAAZ,CHEDDITE-Pixid FR-2026
a02ci00000Mob8HAAR,CHEMVIRON PARENTIS SAS-Pixid FR-2026
a02ci00000MobAqAAJ,CHEMVIRON sas-Pixid FR-2026
a02ci00000Mob9hAAB,CHEVRON ORONITE-Pixid FR-2026
a02ci00000MobE8AAJ,CHRYSO FRANCE (ex GCP PRODUITS DE CONSTRUCTION)-Pixid FR-2026
a02ci00000MobAyAAJ,C&K COMPONENTS SAS-Pixid FR-2026
a02ci00000MobCfAAJ,COFEL-Pixid FR-2026
a02ci00000Mob9cAAB,COFIGEO sas-Pixid FR-2026
a02ci00000MobArAAJ,COLUMBIA SPORTSWEAR-Pixid FR-2026
a02ci00000MobA9AAJ,COMATELEC SCHREDER-Pixid FR-2026
a02ci00000MobE7AAJ,CONDAT-Pixid FR-2026
a02ci00000MobAFAAZ,ADECCO-Pixid FR-2026
a02ci00000Mob8mAAB,CORDEN PHARMA CHENOVE-Pixid FR-2026
a02ci00000MobA1AAJ,CORNING POUYET SAS-Pixid FR-2026
a02ci00000Mob9oAAB,CORTEVA (EX: DUPONT DE NEMOURS)-Pixid FR-2026
a02ci00000MobAxAAJ,CROWN BEVCAN FRANCE-Pixid FR-2026
a02ci00000MobAgAAJ,CSM FRANCE sas-Pixid FR-2026
a02ci00000Mob8iAAB,DAGARD-Pixid FR-2026
a02ci00000Mob8AAAR,DANFOSS-Pixid FR-2026
a02ci00000MobClAAJ,DAREGAL sas-Pixid FR-2026
a02ci00000MobE3AAJ,DELTA DORE-Pixid FR-2026
a02ci00000MobCzAAJ,DE NEUVILLE-Pixid FR-2026
a02ci00000Mob9pAAB,DIANA GROUP-Pixid FR-2026
a02ci00000MobAdAAJ,DIMOTRANS GROUP-Pixid FR-2026
a02ci00000MobAXAAZ,DIRICKX - (PICOT)-Pixid FR-2026
a02ci00000MobDBAAZ,D MEDICA-Pixid FR-2026
a02ci00000Mob9SAAR,DOKA FRANCE-Pixid FR-2026
a02ci00000Mob8RAAR,DPS BEAUNE (Groupe Dalloz)-Pixid FR-2026
a02ci00000MobDhAAJ,DSP-Pixid FR-2026
a02ci00000MobAZAAZ,EDA - (Ets GEORGES DAVID)-Pixid FR-2026
a02ci00000MobEJAAZ,EGDC - (GMR INVESTISSEMENT)-Pixid FR-2026
a02ci00000Mob9uAAB,EIS - EURO INFORMATION-Pixid FR-2026
a02ci00000Mob9eAAB,ELECTRICFIL AUTOMOTIVE-Pixid FR-2026
a02ci00000Mob93AAB,ELECTROPOLI-Pixid FR-2026
a02ci00000Mob81AAB,ELYDAN sas-Pixid FR-2026
a02ci00000Mob9rAAB,ELYSEE COSMETIQUES-Pixid FR-2026
a02ci00000MobA0AAJ,EMG-EARLY MAKERS GROUP-Pixid FR-2026
a02ci00000MobDlAAJ,EOLIANCE (ex : QUINOA GROUP SOTIS)-Pixid FR-2026
a02ci00000MobE4AAJ,EPHIGEA GRAIN DE MALICE sasu-Pixid FR-2026
a02ci00000MobCwAAJ,ERIDIUM GROUPE - (SOFLACOBAT)-Pixid FR-2026
a02ci00000MobCbAAJ,ESTIVIN GROUPE (EGHF)-Pixid FR-2026
a02ci00000Mob9ZAAR,ETS ROLOT ET LEMASSON-Pixid FR-2026
a02ci00000Mob9WAAR,EURALIS GASTRONOMIE-Pixid FR-2026
a02ci00000Mob8sAAB,EUREDEN (Société : AUBRET)-Pixid FR-2026
a02ci00000Mob8oAAB,EURIAL ULTRA-FRAIS - Château Salins-Pixid FR-2026
a02ci00000MobA4AAJ,EUROAPI-Pixid FR-2026
a02ci00000MobDMAAZ,EUROCOUSTIC-Pixid FR-2026
a02ci00000MobABAAZ,EUROLYSINE (ex METEX NOOVISTAGO)-Pixid FR-2026
a02ci00000MobE5AAJ,EUROPEENNE DE CONDIMENTS-Pixid FR-2026
a02ci00000Mob9JAAR,EUROPE SNACKS - (FRANDEX)-Pixid FR-2026
a02ci00000Mob86AAB,EXCELVISION-Pixid FR-2026
a02ci00000Mob8qAAB,FAIVELEY TECH BOURGOIN-Pixid FR-2026
a02ci00000MobAeAAJ,FARMEA-Pixid FR-2026
a02ci00000MobAjAAJ,FEDERAL MOGUL OPERATIONS FRANCE-Pixid FR-2026
a02ci00000MobDRAAZ,FENETREA-Pixid FR-2026
a02ci00000MobCrAAJ,FIELDTURF TARKETT-Pixid FR-2026
a02ci00000MobEGAAZ,FINE LAME-Pixid FR-2026
a02ci00000MobDDAAZ,FLIP SAS-Pixid FR-2026
a02ci00000Mob8rAAB,FLOWBIRD - (ex PARKEON)-Pixid FR-2026
a02ci00000MobAiAAJ,FMC FRANCE-Pixid FR-2026
a02ci00000Mob8gAAB,FMGC Groupe-Pixid FR-2026
a02ci00000Mob9tAAB,FOSSIL GROUP-Pixid FR-2026
a02ci00000MobDSAAZ,FPT POWERTRAIN TECHNOLOGIES FRANCE-Pixid FR-2026
a02ci00000Mob8BAAR,FRANCOS - (SISLEY)-Pixid FR-2026
a02ci00000MobA6AAJ,FRENEHARD ET MICHAUX-Pixid FR-2026
a02ci00000MobAhAAJ,FRESENIUS KABI FRANCE-Pixid FR-2026
a02ci00000Mob9vAAB,FREUDENBERG SEALING TECHNOLOGIES sas-Pixid FR-2026
a02ci00000MobA7AAJ,FROMAGERIE DE VIHIERS-Pixid FR-2026
a02ci00000MobAAAAZ,FROMAGERIE PERREAULT-Pixid FR-2026
a02ci00000MobD2AAJ,GATES SAS-Pixid FR-2026
a02ci00000MobDKAAZ,GEORGES HELFER-Pixid FR-2026
a02ci00000Mob9aAAB,GEORGES MONIN-Pixid FR-2026
a02ci00000MobAbAAJ,GERFLOR GROUPE-Pixid FR-2026
a02ci00000MobALAAZ,GHM-Pixid FR-2026
a02ci00000MobCvAAJ,GINDRE GROUPE-Pixid FR-2026
a02ci00000Mob8ZAAR,GRANDVISION-Pixid FR-2026
a02ci00000MobDpAAJ,GREENYARD-Pixid FR-2026
a02ci00000Mob9GAAR,GROUPE COFIDIS PARTICIPATIONS (SYNERGIE GEIE)-Pixid FR-2026
a02ci00000MobDkAAJ,GROUPE D'AUCY UNION FERMIERE MORBIHANNAISE-Pixid FR-2026
a02ci00000Mob9TAAR,GROUPE DIFFUSION PLUS sas-Pixid FR-2026
a02ci00000Mob8kAAB,GROUPE EUREDEN - (ex GROUPE D'AUCY - PEP sas)-Pixid FR-2026
a02ci00000MobATAAZ,GROUPE GALLAUD-Pixid FR-2026
a02ci00000MobAMAAZ,GROUPE MAINE-Pixid FR-2026
a02ci00000Mob8QAAR,GROUPE RIOLAND-Pixid FR-2026
a02ci00000Mob7sAAB,Groupe SFPI-Pixid FR-2026
a02ci00000MobDsAAJ,GROUPE STRADAL-Pixid FR-2026
a02ci00000MobAKAAZ,GROUPE SYLVAGREG (ICARE)-Pixid FR-2026
a02ci00000MobDzAAJ,GRUPO ANTOLIN BESANCON-Pixid FR-2026
a02ci00000MobE0AAJ,GRUPO ANTOLIN VOSGES-Pixid FR-2026
a02ci00000Mob8pAAB,GUERLAIN sas-Pixid FR-2026
a02ci00000Mob7nAAB,HABITAT 76-Pixid FR-2026
a02ci00000MobE6AAJ,HAMELIN GROUPE (FINHAM)-Pixid FR-2026
a02ci00000Mob9UAAR,HANSGROHE-Pixid FR-2026
a02ci00000MobCmAAJ,HARIBO-Pixid FR-2026
a02ci00000Mob8YAAR,HEINZ-Pixid FR-2026
a02ci00000MobDHAAZ,HENNESSY - (LVMH)-Pixid FR-2026
a02ci00000Mob95AAB,HERBAROM-Pixid FR-2026
a02ci00000Mob9QAAR,HEXCEL-Pixid FR-2026
a02ci00000MobCcAAJ,HM CLAUSE - (LIMAGRAIN GROUP)-Pixid FR-2026
a02ci00000MobDbAAJ,IESEG-Pixid FR-2026
a02ci00000MobEMAAZ,IKEA-Pixid FR-2026
a02ci00000MobCtAAJ,IMERYS SA-Pixid FR-2026
a02ci00000Mob8NAAR,INEOS AUTOMOTIVE S.A.S-Pixid FR-2026
a02ci00000MobAPAAZ,INTERFORUM-Pixid FR-2026
a02ci00000MobChAAJ,INTERNATIONAL PAPER France-Pixid FR-2026
a02ci00000Mob8GAAR,INVACARE FRANCE OPERATIONS-Pixid FR-2026
a02ci00000MobDXAAZ,ITRON MASSY-Pixid FR-2026
a02ci00000Mob8tAAB,JEAN LARNAUDIE-Pixid FR-2026
a02ci00000MobDgAAJ,JELD WEN USSEL-Pixid FR-2026
a02ci00000MobDJAAZ,JM BRUNEAU-Pixid FR-2026
a02ci00000MobDuAAJ,JMI HOLDING - (CRUSTA C)-Pixid FR-2026
a02ci00000Mob96AAB,JOUSSEAU-Pixid FR-2026
a02ci00000MobD3AAJ,KALISTRUT AEROSPACE-Pixid FR-2026
a02ci00000MobCxAAJ,KELIAS ( ex LACROIX CITY SAINT HERBLAIN)-Pixid FR-2026
a02ci00000MobDvAAJ,KOYO BEARINGS - (JTEKT)-Pixid FR-2026
a02ci00000Mob88AAB,KSB CHATEAUROUX-Pixid FR-2026
a02ci00000Mob8FAAR,KSB LA ROCHE CHALAIS-Pixid FR-2026
a02ci00000MobD6AAJ,KUHN-Pixid FR-2026
a02ci00000MobD5AAJ,LABORATOIRE CHAUVIN-Pixid FR-2026
a02ci00000Mob9dAAB,LAFUMA MOBILIER (CALIDA GROUP)-Pixid FR-2026
a02ci00000Mob9kAAB,LAGRANGE PRODUCTION-Pixid FR-2026
a02ci00000MobCsAAJ,LA REDOUTE-Pixid FR-2026
a02ci00000MobDyAAJ,LEMOINE FRANCE-Pixid FR-2026
a02ci00000Mob8DAAR,LESAFFRE - BIO SPRINGER-Pixid FR-2026
a02ci00000MobEIAAZ,LES ZELLES-Pixid FR-2026
a02ci00000MobAtAAJ,LE TELEGRAMME - MORLAIX-Pixid FR-2026
a02ci00000MobD9AAJ,LFB BIOMEDICAMENTS (GROUPE)-Pixid FR-2026
a02ci00000Mob9MAAR,LFB FRANCE (ex LENNOX ex LGL)-Pixid FR-2026
a02ci00000MobDoAAJ,LHH-Pixid FR-2026
a02ci00000MobENAAZ,LIEBHERR FRANCE-Pixid FR-2026
a02ci00000MobAuAAJ,LINDAL FRANCE-Pixid FR-2026
a02ci00000MobCnAAJ,LINDT ET SPRUNGLI-Pixid FR-2026
a02ci00000MobDAAAZ,LIOTARD-Pixid FR-2026
a02ci00000Mob7yAAB,LIS FRANCE-Pixid FR-2026
a02ci00000MobEDAAZ,LISI AEROSPACE (LES FORGES DE BOLOGNE)-Pixid FR-2026
a02ci00000MobDaAAJ,L&L PRODUCTS-Pixid FR-2026
a02ci00000MobAnAAJ,LOC MARIA BISCUITS (GROUPE)-Pixid FR-2026
a02ci00000MobDCAAZ,MAISON COLIBRI-Pixid FR-2026
a02ci00000MobDIAAZ,MAITRES LAITIERS DU COTENTIN-Pixid FR-2026
a02ci00000MobCiAAJ,MAVIC GROUP-Pixid FR-2026
a02ci00000MobAkAAJ,MBS ASSOCIATION-Pixid FR-2026
a02ci00000Mob7uAAB,MC BRIDE SAS-Pixid FR-2026
a02ci00000Mob9wAAB,M. CHAPOUTIER-Pixid FR-2026
a02ci00000Mob8vAAB,MDS sa-Pixid FR-2026
a02ci00000Mob9lAAB,MERITOR INDUSTRIAL PRODUCTS SAINT-ETIENNE-Pixid FR-2026
a02ci00000MobCpAAJ,MERSEN-Pixid FR-2026
a02ci00000MobCoAAJ,METALOR TECHNOLOGIES-Pixid FR-2026
a02ci00000MobDEAAZ,METSO FRANCE SAS-Pixid FR-2026
a02ci00000MobCgAAJ,MEWA (C&S)-Pixid FR-2026
a02ci00000MobDGAAZ,MHCS - (LVMH)-Pixid FR-2026
a02ci00000Mob83AAB,MILLET MOUNTAIN GROUP SAS-Pixid FR-2026
a02ci00000MobCjAAJ,MINITUBES-Pixid FR-2026
a02ci00000Mob8aAAB,MMP PACKETIS-Pixid FR-2026
a02ci00000Mob7rAAB,MONT BLANC-Pixid FR-2026
a02ci00000MobDdAAJ,MOULINS BOURGEOIS (DE VERDELOT)-Pixid FR-2026
a02ci00000Mob8cAAB,MOY PARK-Pixid FR-2026
a02ci00000Mob9FAAR,MSSA SAS-Pixid FR-2026
a02ci00000Mob9NAAR,MW FRANCE-Pixid FR-2026
a02ci00000MobDwAAJ,NEFAB PACKAGING-Pixid FR-2026
a02ci00000Mob8EAAR,NEMERA-Pixid FR-2026
a02ci00000MobA3AAJ,NESTLE PURINA CENTRE R&D-Pixid FR-2026
a02ci00000MobDUAAZ,NESTLE PURINA PETCARE AUBIGNY-Pixid FR-2026
a02ci00000MobDeAAJ,NICOMATIC-Pixid FR-2026
a02ci00000MobD4AAJ,NOBEL PLASTIQUES-Pixid FR-2026
a02ci00000MobAVAAZ,NORAC GROUPE-Pixid FR-2026
a02ci00000MobACAAZ,NUTRISET-Pixid FR-2026
a02ci00000Mob8MAAR,NYRSTAR FRANCE-Pixid FR-2026
a02ci00000MobDLAAZ,OLICHON GROUPE (TSO ...)-Pixid FR-2026
a02ci00000MobAJAAZ,ONDULYS (VPK Group)-Pixid FR-2026
a02ci00000MobDPAAZ,ORANGINA SUNTORY FRANCE-Pixid FR-2026
a02ci00000Mob9VAAR,ORECO-Pixid FR-2026
a02ci00000Mob8PAAR,OTERRA FRANCE-Pixid FR-2026
a02ci00000Mob9HAAR,PAPIN GROUPE-Pixid FR-2026
a02ci00000MobApAAJ,PARKER HANNIFIN MANUFACTURING FRANCE SAS-Pixid FR-2026
a02ci00000Mob7vAAB,PASTACORP (PACK C&S)-Pixid FR-2026
a02ci00000Mob97AAB,PDG PLASTIQUES-Pixid FR-2026
a02ci00000MobDYAAZ,PERNOD RICARD FRANCE-Pixid FR-2026
a02ci00000MobANAAZ,PIERRE FABRE-Pixid FR-2026
a02ci00000Mob9bAAB,PILEJE SAS-Pixid FR-2026
a02ci00000Mob7lAAB,PLACOPLATRE CHAMBERY-Pixid FR-2026
a02ci00000Mob8yAAB,PLASTIVALOIRE-Pixid FR-2026
a02ci00000Mob7xAAB,POINT P IDF-Pixid FR-2026
a02ci00000Mob9nAAB,POSSON PACKAGING-Pixid FR-2026
a02ci00000Mob9mAAB,PRADINES-Pixid FR-2026
a02ci00000MobAUAAZ,PRODUITS BERGER SAS-Pixid FR-2026
a02ci00000Mob9XAAR,PUMA FRANCE SAS-Pixid FR-2026
a02ci00000MobCuAAJ,QUADIENT FRANCE-Pixid FR-2026
a02ci00000MobD0AAJ,QUALIFORM-Pixid FR-2026
a02ci00000MobDxAAJ,RADIALL-Pixid FR-2026
a02ci00000MobAQAAZ,RD ANGERS (ex KEOLIS ANGERS)-Pixid FR-2026
a02ci00000Mob8jAAB,REINE DE DIJON-Pixid FR-2026
a02ci00000MobAlAAJ,REMY COINTREAU GROUPE (Compte principal)-Pixid FR-2026
a02ci00000Mob8LAAR,RESTONIS-Pixid FR-2026
a02ci00000Mob82AAB,REVIMA-Pixid FR-2026
a02ci00000Mob8nAAB,REYNAERS ALUMINIUM-Pixid FR-2026
a02ci00000MobDTAAZ,RICOH FRANCE-Pixid FR-2026
a02ci00000MobA2AAJ,ROCHLING INDUSTRIAL NANCY-Pixid FR-2026
a02ci00000Mob98AAB,ROMAIRE-Pixid FR-2026
a02ci00000MobARAAZ,ROSSIGNOL (GROUPE)-Pixid FR-2026
a02ci00000Mob99AAB,ROVAL-Pixid FR-2026
a02ci00000Mob7mAAB,SAB GROUPE-Pixid FR-2026
a02ci00000MobCkAAJ,SACMI-Pixid FR-2026
a02ci00000Mob8zAAB,SAEM ENERGIES-Pixid FR-2026
a02ci00000MobAwAAJ,SAINT JEAN INDUSTRIES-Pixid FR-2026
a02ci00000Mob9OAAR,SAINT JEAN SAS-Pixid FR-2026
a02ci00000MobADAAZ,SALOMON MAVIC (PONTOON)-Pixid FR-2026
a02ci00000Mob91AAB,SAMB-Pixid FR-2026
a02ci00000Mob9AAAR,SAMIBOIS SAS-Pixid FR-2026
a02ci00000Mob9BAAR,SAMIPLAST SAS-Pixid FR-2026
a02ci00000MobCdAAJ,SARREL-Pixid FR-2026
a02ci00000Mob9PAAR,SATEBA sa-Pixid FR-2026
a02ci00000MobCyAAJ,SAVOY MOULAGE-Pixid FR-2026
a02ci00000MobD7AAJ,SEALED AIR SAS-Pixid FR-2026
a02ci00000Mob9CAAR,SECMAIR-Pixid FR-2026
a02ci00000Mob80AAB,SENIOR-Pixid FR-2026
a02ci00000MobDNAAZ,SEPR-Pixid FR-2026
a02ci00000MobDcAAJ,SEYFERT SAS-Pixid FR-2026
a02ci00000MobDOAAZ,SGGSMI-Pixid FR-2026
a02ci00000Mob8SAAR,SHERPA LOGISTIQUE (CALIDA GROUP)-Pixid FR-2026
a02ci00000Mob9KAAR,SIGVARIS-Pixid FR-2026
a02ci00000Mob8TAAR,SMT ROTAREX - (SOCIETE DE MECANIQUE DES TILLES)-Pixid FR-2026
a02ci00000Mob7pAAB,SNCF DOMAINE MATERIEL-Pixid FR-2026
a02ci00000MobAWAAZ,SNF WATER-Pixid FR-2026
a02ci00000MobDiAAJ,SOCAMAINE-Pixid FR-2026
a02ci00000Mob8XAAR,SOCAMEL-Pixid FR-2026
a02ci00000MobDfAAJ,SOCIETE GENERALE TECHNIQUE-Pixid FR-2026
a02ci00000Mob9DAAR,SODEL LISIEUX-Pixid FR-2026
a02ci00000Mob9gAAB,SODIS-Pixid FR-2026
a02ci00000Mob9LAAR,SOMFY GROUPE-Pixid FR-2026
a02ci00000Mob9EAAR,SOPRONEM-Pixid FR-2026
a02ci00000Mob8wAAB,SOUCHIER BOULLET GROUPE-Pixid FR-2026
a02ci00000MobDtAAJ,SPS FRANCE & BENELUX-Pixid FR-2026
a02ci00000MobDrAAJ,STOKOMANI-Pixid FR-2026
a02ci00000MobE2AAJ,STREIT GROUPE-Pixid FR-2026
a02ci00000MobAsAAJ,SWISS KRONO-Pixid FR-2026
a02ci00000MobE1AAJ,TECHNOFLEX-Pixid FR-2026
a02ci00000Mob85AAB,TENNECO AUTOMOTIVE FRANCE SAS-Pixid FR-2026
a02ci00000Mob7oAAB,TETRAPAK-Pixid FR-2026
a02ci00000Mob8lAAB,TEXELIS-Pixid FR-2026
a02ci00000Mob8fAAB,THUASNE-Pixid FR-2026
a02ci00000Mob9qAAB,TORAY-Pixid FR-2026
a02ci00000Mob8bAAB,TOYO INK EUROPE-Pixid FR-2026
a02ci00000MobEHAAZ,UCELIA-Pixid FR-2026
a02ci00000MobAoAAJ,UNIVERSITE CATHOLIQUE DE L'OUEST - (ASS ST-YVES - UCO)-Pixid FR-2026
a02ci00000MobCqAAJ,UPSA-Pixid FR-2026
a02ci00000Mob94AAB,URGO-Pixid FR-2026
a02ci00000Mob9IAAR,VERALLIA FRANCE-Pixid FR-2026
a02ci00000Mob8hAAB,VERNET-Pixid FR-2026
a02ci00000Mob8VAAR,VIANT MEDICAL - (CHAUMONT)-Pixid FR-2026
a02ci00000MobEFAAZ,VISHAY-Pixid FR-2026
a02ci00000Mob9yAAB,VISKASE SAS-Pixid FR-2026
a02ci00000Mob8CAAR,VOESTALPINE-Pixid FR-2026
a02ci00000MobAIAAZ,VOLKSWAGEN GROUP FRANCE-Pixid FR-2026
a02ci00000MobA5AAJ,VW BANK-Pixid FR-2026
a02ci00000MobAfAAJ,WAVIN SAS-Pixid FR-2026
a02ci00000Mob8xAAB,WESER-Pixid FR-2026
a02ci00000Mob9zAAB,WHAT'S COOKING FRANCE (EX STEFANO TOSELLI)-Pixid FR-2026
a02ci00000MobD8AAJ,WKW FRANCE-Pixid FR-2026
a02ci00000MobDZAAZ,WURTH FRANCE SAS-Pixid FR-2026
a02ci00000MobEKAAZ,YABON VERNEUIL-Pixid FR-2026
