ChargeMap Id,ChargeMap Name,Account ID,Account Number,Account Name,PO Reference (Excel),PO Request Date (Excel)
a02ci00000Mob7nAAB,a02ci00000Mob7n,001IV000015SAI5YAO,HB76-01741,HABITAT 76,YES,2026-01-01 00:00:00
a02ci00000Mob7qAAB,a02ci00000Mob7q,001IV000015S8izYAC,ANTS-01879,ANTS,YES,2026-01-01 00:00:00
a02ci00000Mob7uAAB,a02ci00000Mob7u,001IV000015RyE0YAK,MCBD-01903,MC BRIDE SAS,YES,2026-01-01 00:00:00
a02ci00000Mob89AAB,a02ci00000Mob89,001IV000015S867YAC,PRMS-01766,BERRY GLOBAL - PROMENS - (EX PGI),YES,2026-01-01 00:00:00
a02ci00000Mob8AAAR,a02ci00000Mob8A,001IV000015S50OYAS,DFOS-01629,DANFOSS,YES,2026-01-01 00:00:00
a02ci00000Mob8DAAR,a02ci00000Mob8D,001IV000015S8j3YAC,LBSP-01837,LESAFFRE - BIO SPRINGER,YES,2026-01-01 00:00:00
a02ci00000Mob8EAAR,a02ci00000Mob8E,001IV000015S8jFYAS,NMRV-01867,NEMERA,YES,2026-01-01 00:00:00
a02ci00000Mob8HAAR,a02ci00000Mob8H,001IV000015RyECYA0,CHVP-01985,CHEMVIRON PARENTIS SAS,YES,2026-01-01 00:00:00
a02ci00000Mob8IAAR,a02ci00000Mob8I,001IV000015RzTQYA0,ASTZ-01930,ASTRAZENECA,YES,2026-01-01 00:00:00
a02ci00000Mob8NAAR,a02ci00000Mob8N,001IV000015S8jKYAS,INEA-01968,INEOS AUTOMOTIVE S.A.S,YES,2026-01-01 00:00:00
a02ci00000Mob8PAAR,a02ci00000Mob8P,001IV000015S8j9YAC,OTRF-01794,OTERRA FRANCE,YES,2026-01-01 00:00:00
a02ci00000Mob8YAAR,a02ci00000Mob8Y,001IV000015RzTjYAK,HJHZ-01770,HEINZ,YES,2026-01-01 00:00:00
a02ci00000Mob94AAB,a02ci00000Mob94,001IV000015RzTXYA0,URGO-01687,URGO,YES,2026-01-01 00:00:00
a02ci00000Mob9KAAR,a02ci00000Mob9K,001IV000015S865YAC,SGVR-01822,SIGVARIS,YES,2026-01-01 00:00:00
a02ci00000Mob9LAAR,a02ci00000Mob9L,001IV000015S8jHYAS,SMFG-01882,SOMFY GROUPE,YES,2026-01-01 00:00:00
a02ci00000Mob9MAAR,a02ci00000Mob9M,001IV000015S869YAC,LGLF-01857,LFB FRANCE (ex LENNOX ex LGL),YES,2026-01-01 00:00:00
a02ci00000Mob9eAAB,a02ci00000Mob9e,001IV000015SAGoYAO,ELAU-01915,ELECTRICFIL AUTOMOTIVE,YES,2026-01-01 00:00:00
a02ci00000Mob9jAAB,a02ci00000Mob9j,001IV000015S2SWYA0,AVRL-01832,AVRIL GROUPE,YES,2026-01-01 00:00:00
a02ci00000Mob9qAAB,a02ci00000Mob9q,001IV000015S8jBYAS,TFEU-01827,TORAY,YES,2026-01-01 00:00:00
a02ci00000MobA0AAJ,a02ci00000MobA0,001IV000015SAHkYAO,EMGP-01816,EMG-EARLY MAKERS GROUP,YES,2026-01-01 00:00:00
a02ci00000MobA1AAJ,a02ci00000MobA1,001IV000015RzTMYA0,CNGP-02009,CORNING POUYET SAS,YES,2026-01-01 00:00:00
a02ci00000MobA3AAJ,a02ci00000MobA3,001IV000015SJXYYA4,NCRD-01934,NESTLE PURINA CENTRE R&D,YES,2026-01-01 00:00:00
a02ci00000MobA4AAJ,a02ci00000MobA4,001IV000015SAHoYAO,EAPI-01880,EUROAPI,YES,2026-01-01 00:00:00
a02ci00000MobABAAZ,a02ci00000MobAB,001IV000015S2eaYAC,MTXN-01685,EUROLYSINE (ex METEX NOOVISTAGO),YES,2026-01-01 00:00:00
a02ci00000MobAOAAZ,a02ci00000MobAO,001IV000015S8ixYAC,ABBF-01693,ABB FRANCE,YES,2026-01-01 00:00:00
a02ci00000MobAaAAJ,a02ci00000MobAa,001IV000015RzTNYA0,AKWL-01902,AKWEL,YES,2026-01-01 00:00:00
a02ci00000MobAbAAJ,a02ci00000MobAb,001IV000015SADtYAO,GFLG-01781,GERFLOR GROUPE,YES,2026-01-01 00:00:00
a02ci00000MobAfAAJ,a02ci00000MobAf,001IV000015S2SSYA0,WAVN-01785,WAVIN SAS,YES,2026-01-01 00:00:00
a02ci00000MobAgAAJ,a02ci00000MobAg,001IV000015RyDtYAK,CSMF-01842,CSM FRANCE sas,YES,2026-01-01 00:00:00
a02ci00000MobAlAAJ,a02ci00000MobAl,001IV000015SAHpYAO,RMCG-01886,REMY COINTREAU GROUPE,YES,2026-01-01 00:00:00
a02ci00000MobAyAAJ,a02ci00000MobAy,001IV000015S8iPYAS,CEKC-01875,C&K COMPONENTS SAS,YES,2026-01-01 00:00:00
a02ci00000MobCeAAJ,a02ci00000MobCe,001IV000015RyDgYAK,BSFA-01740,BASF AGRIPRODUCTION,YES,2026-01-01 00:00:00
a02ci00000MobCjAAJ,a02ci00000MobCj,001IV000015RzTRYA0,MNTB-01936,MINITUBES,YES,2026-01-01 00:00:00
a02ci00000MobCqAAJ,a02ci00000MobCq,001IV000015RyL1YAK,UPSA-01768,UPSA,YES,2026-01-01 00:00:00
a02ci00000MobCtAAJ,a02ci00000MobCt,001IV000015S2eLYAS,IMRS-01722,IMERYS SA,YES,2026-01-01 00:00:00
a02ci00000MobD6AAJ,a02ci00000MobD6,001IV000015S8iuYAC,KUHN-01670,KUHN,YES,2026-01-01 00:00:00
a02ci00000MobD9AAJ,a02ci00000MobD9,001IV000015S8j1YAC,LFBM-01866,LFB BIOMEDICAMENTS (GROUPE),YES,2026-01-01 00:00:00
a02ci00000MobDEAAZ,a02ci00000MobDE,001IV000015S50RYAS,MTSF-01652,METSO FRANCE SAS,YES,2026-01-01 00:00:00
a02ci00000MobDGAAZ,a02ci00000MobDG,001IV000015RuolYAC,MHCS-01808,MHCS - (LVMH),YES,2026-01-01 00:00:00
a02ci00000MobDHAAZ,a02ci00000MobDH,001IV000015RuomYAC,HNSY-01809,HENNESSY - (LVMH),YES,2026-01-01 00:00:00
a02ci00000MobDNAAZ,a02ci00000MobDN,001IV000015RyE6YAK,SEPR-01931,SEPR,YES,2026-01-01 00:00:00
a02ci00000MobDPAAZ,a02ci00000MobDP,001IV000015S8j8YAC,OSFP-01779,ORANGINA SUNTORY FRANCE,YES,2026-01-01 00:00:00
a02ci00000MobDUAAZ,a02ci00000MobDU,001IV000015RvVPYA0,NPPA-01898,NESTLE PURINA PETCARE AUBIGNY,YES,2026-01-01 00:00:00
a02ci00000MobDVAAZ,a02ci00000MobDV,001IV000015RyKzYAK,BIAH-01615,BOEHRINGER INGELHEIM,YES,2026-01-01 00:00:00
a02ci00000MobDWAAZ,a02ci00000MobDW,001IV000015RewPYAS,BASV-01744,BARILLA ST VULBAS,YES,2026-01-01 00:00:00
a02ci00000MobE3AAJ,a02ci00000MobE3,001IV000015S86HYAS,DLTD-01907,DELTA DORE,YES,2026-01-01 00:00:00
a02ci00000MobE9AAJ,a02ci00000MobE9,001IV000015SAI2YAO,ARFR-02021,ARAYMOND FRANCE,YES,2026-01-01 00:00:00
a02ci00000MobEBAAZ,a02ci00000MobEB,001IV000015SAI4YAO,ARLF-01737,ARAYMOND LIFE,YES,2026-01-01 00:00:00
a02ci00000MobECAAZ,a02ci00000MobEC,001IV000015S8jDYAS,CEPR-01818,CAISSE D'EPARGNE RHONE ALPES - (C&S),YES,2026-01-01 00:00:00
a02ci00000MobEEAAZ,a02ci00000MobEE,001IV000015RewHYAS,AMPR-01765,ARMOR PROTEINES,YES,2026-01-01 00:00:00
