AccountId,RecordTypeId,Name,StageName,CloseDate,Activity__c,Offer__c,CurrencyIsoCode,ChannelType__c
001IV000015S8iwYAC,012IV000001jKlBYAU,PLACOPLATRE CHAMBERY - C&S - 2026,Closed - Won,2026-01-01,Pixid FR,Pack C&S,EUR,Direct
001IV000015SAHsYAO,012IV000001jKlBYAU,SAB GROUPE - C&S - 2026,Closed - Won,2026-01-01,Pixid FR,Pack C&S,EUR,Direct
001IV000015SAI5YAO,012IV000001jKlBYAU,HABITAT 76 - C&S - 2026,Closed - Won,2026-01-01,Pixid FR,Pack C&S,EUR,Direct
001IV000015S2eCYAS,012IV000001jKlBYAU,TETRAPAK - C&S - 2026,Closed - Won,2026-01-01,Pixid FR,Pack C&S,EUR,Direct
001IV000015S541YAC,012IV000001jKlBYAU,SNCF DOMAINE MATERIEL - C&S - 2026,Closed - Won,2026-01-01,Pixid FR,Pack C&S,EUR,Direct
001IV000015S8izYAC,012IV000001jKlBYAU,ANTS - C&S - 2026,Closed - Won,2026-01-01,Pixid FR,Pack C&S,EUR,Direct
001IV000015S2eOYAS,012IV000001jKlBYAU,MONT BLANC - C&S - 2026,Closed - Won,2026-01-01,Pixid FR,Pack C&S,EUR,Direct
001IV000015S868YAC,012IV000001jKlBYAU,Groupe SFPI - C&S - 2026,Closed - Won,2026-01-01,Pixid FR,Pack C&S,EUR,Direct
001IV000015SAI6YAO,012IV000001jKlBYAU,BACCARAT - C&S - 2026,Closed - Won,2026-01-01,Pixid FR,Pack C&S,EUR,Direct
001IV000015RyE0YAK,012IV000001jKlBYAU,MC BRIDE SAS - C&S - 2026,Closed - Won,2026-01-01,Pixid FR,Pack C&S,EUR,Direct
001IV000015SAFeYAO,012IV000001jKlBYAU,PASTACORP (PACK C&S) - C&S - 2026,Closed - Won,2026-01-01,Pixid FR,Pack C&S,EUR,Direct
001IV000015RhU6YAK,012IV000001jKlBYAU,AUTAJON GROUPE - C&S - 2026,Closed - Won,2026-01-01,Pixid FR,Pack C&S,EUR,Direct
001IV000015RyDxYAK,012IV000001jKlBYAU,POINT P IDF - C&S - 2026,Closed - Won,2026-01-01,Pixid FR,Pack C&S,EUR,Direct
001IV000015S8iTYAS,012IV000001jKlBYAU,LIS FRANCE - C&S - 2026,Closed - Won,2026-01-01,Pixid FR,Pack C&S,EUR,Direct
001IV000015RyDjYAK,012IV000001jKlBYAU,ALMA GROUPE - C&S - 2026,Closed - Won,2026-01-01,Pixid FR,Pack C&S,EUR,Direct
001IV000015S50LYAS,012IV000001jKlBYAU,SENIOR - C&S - 2026,Closed - Won,2026-01-01,Pixid FR,Pack C&S,EUR,Direct
001IV000015SAI9YAO,012IV000001jKlBYAU,ELYDAN sas - C&S - 2026,Closed - Won,2026-01-01,Pixid FR,Pack C&S,EUR,Direct
001IV000015RyL0YAK,012IV000001jKlBYAU,REVIMA - C&S - 2026,Closed - Won,2026-01-01,Pixid FR,Pack C&S,EUR,Direct
001IV000015S50KYAS,012IV000001jKlBYAU,MILLET MOUNTAIN GROUP SAS - C&S - 2026,Closed - Won,2026-01-01,Pixid FR,Pack C&S,EUR,Direct
001IV000015SAHqYAO,012IV000001jKlBYAU,AMPHENOL FCI - C&S - 2026,Closed - Won,2026-01-01,Pixid FR,Pack C&S,EUR,Direct
001IV000015RyDiYAK,012IV000001jKlBYAU,TENNECO AUTOMOTIVE FRANCE SAS - C&S - 2026,Closed - Won,2026-01-01,Pixid FR,Pack C&S,EUR,Direct
001IV000015S2SQYA0,012IV000001jKlBYAU,EXCELVISION - C&S - 2026,Closed - Won,2026-01-01,Pixid FR,Pack C&S,EUR,Direct
001IV000015RyDzYAK,012IV000001jKlBYAU,CALIDA GROUP (LALLEMAND) - C&S - 2026,Closed - Won,2026-01-01,Pixid FR,Pack C&S,EUR,Direct
001IV000015S85hYAC,012IV000001jKlBYAU,KSB CHATEAUROUX - C&S - 2026,Closed - Won,2026-01-01,Pixid FR,Pack C&S,EUR,Direct
001IV000015S867YAC,012IV000001jKlBYAU,BERRY GLOBAL - PROMENS - (EX PGI) - C&S - 2026,Closed - Won,2026-01-01,Pixid FR,Pack C&S,EUR,Direct
001IV000015S50OYAS,012IV000001jKlBYAU,DANFOSS - C&S - 2026,Closed - Won,2026-01-01,Pixid FR,Pack C&S,EUR,Direct
001IV000015RyDwYAK,012IV000001jKlBYAU,FRANCOS - (SISLEY) - C&S - 2026,Closed - Won,2026-01-01,Pixid FR,Pack C&S,EUR,Direct
001IV000015S2eKYAS,012IV000001jKlBYAU,VOESTALPINE - C&S - 2026,Closed - Won,2026-01-01,Pixid FR,Pack C&S,EUR,Direct
001IV000015S8j3YAC,012IV000001jKlBYAU,LESAFFRE - BIO SPRINGER - C&S - 2026,Closed - Won,2026-01-01,Pixid FR,Pack C&S,EUR,Direct
001IV000015S8jFYAS,012IV000001jKlBYAU,NEMERA - C&S - 2026,Closed - Won,2026-01-01,Pixid FR,Pack C&S,EUR,Direct
001IV000015S862YAC,012IV000001jKlBYAU,KSB LA ROCHE CHALAIS - C&S - 2026,Closed - Won,2026-01-01,Pixid FR,Pack C&S,EUR,Direct
001IV000015S2SUYA0,012IV000001jKlBYAU,INVACARE FRANCE OPERATIONS - C&S - 2026,Closed - Won,2026-01-01,Pixid FR,Pack C&S,EUR,Direct
001IV000015RyECYA0,012IV000001jKlBYAU,CHEMVIRON PARENTIS SAS - C&S - 2026,Closed - Won,2026-01-01,Pixid FR,Pack C&S,EUR,Direct
001IV000015RzTQYA0,012IV000001jKlBYAU,ASTRAZENECA - C&S - 2026,Closed - Won,2026-01-01,Pixid FR,Pack C&S,EUR,Direct
001IV000015RhU5YAK,012IV000001jKlBYAU,BALL PACKAGING GROUPE - C&S - 2026,Closed - Won,2026-01-01,Pixid FR,Pack C&S,EUR,Direct
001IV000015RzTcYAK,012IV000001jKlBYAU,CHARLES RIVER LABORATOIRE FRANCE CRLF sasu - C&S - 2026,Closed - Won,2026-01-01,Pixid FR,Pack C&S,EUR,Direct
001IV000015S2SIYA0,012IV000001jKlBYAU,RESTONIS - C&S - 2026,Closed - Won,2026-01-01,Pixid FR,Pack C&S,EUR,Direct
001IV000015S8j2YAC,012IV000001jKlBYAU,NYRSTAR FRANCE - C&S - 2026,Closed - Won,2026-01-01,Pixid FR,Pack C&S,EUR,Direct
001IV000015S8jKYAS,012IV000001jKlBYAU,INEOS AUTOMOTIVE S.A.S - C&S - 2026,Closed - Won,2026-01-01,Pixid FR,Pack C&S,EUR,Direct
001IV000015RewNYAS,012IV000001jKlBYAU,CAREA GROUPE - C&S - 2026,Closed - Won,2026-01-01,Pixid FR,Pack C&S,EUR,Direct
001IV000015S8j9YAC,012IV000001jKlBYAU,OTERRA FRANCE - C&S - 2026,Closed - Won,2026-01-01,Pixid FR,Pack C&S,EUR,Direct
001IV000015S6a7YAC,012IV000001jKlBYAU,GROUPE RIOLAND - C&S - 2026,Closed - Won,2026-01-01,Pixid FR,Pack C&S,EUR,Direct
001IV000015RyE5YAK,012IV000001jKlBYAU,DPS BEAUNE (Groupe Dalloz) - C&S - 2026,Closed - Won,2026-01-01,Pixid FR,Pack C&S,EUR,Direct
001IV000015S8ilYAC,012IV000001jKlBYAU,SHERPA LOGISTIQUE (CALIDA GROUP) - C&S - 2026,Closed - Won,2026-01-01,Pixid FR,Pack C&S,EUR,Direct
001IV000015S85zYAC,012IV000001jKlBYAU,SMT ROTAREX - (SOCIETE DE MECANIQUE DES TILLES) - C&S - 2026,Closed - Won,2026-01-01,Pixid FR,Pack C&S,EUR,Direct
001IV000015S8imYAC,012IV000001jKlBYAU,BONNEFOY SAS - C&S - 2026,Closed - Won,2026-01-01,Pixid FR,Pack C&S,EUR,Direct
001IV000015S508YAC,012IV000001jKlBYAU,VIANT MEDICAL - (CHAUMONT) - C&S - 2026,Closed - Won,2026-01-01,Pixid FR,Pack C&S,EUR,Direct
001IV000015S50QYAS,012IV000001jKlBYAU,ANGDM - C&S - 2026,Closed - Won,2026-01-01,Pixid FR,Pack C&S,EUR,Direct
001IV000015S8j0YAC,012IV000001jKlBYAU,SOCAMEL - C&S - 2026,Closed - Won,2026-01-01,Pixid FR,Pack C&S,EUR,Direct
001IV000015RzTjYAK,012IV000001jKlBYAU,HEINZ - C&S - 2026,Closed - Won,2026-01-01,Pixid FR,Pack C&S,EUR,Direct
001IV000015S86BYAS,012IV000001jKlBYAU,GRANDVISION - C&S - 2026,Closed - Won,2026-01-01,Pixid FR,Pack C&S,EUR,Direct
001IV000015S8ioYAC,012IV000001jKlBYAU,MMP PACKETIS - C&S - 2026,Closed - Won,2026-01-01,Pixid FR,Pack C&S,EUR,Direct
001IV000015S6ZvYAK,012IV000001jKlBYAU,TOYO INK EUROPE - C&S - 2026,Closed - Won,2026-01-01,Pixid FR,Pack C&S,EUR,Direct
001IV000015S8nKYAS,012IV000001jKlBYAU,MOY PARK - C&S - 2026,Closed - Won,2026-01-01,Pixid FR,Pack C&S,EUR,Direct
001IV000015SAFiYAO,012IV000001jKlBYAU,BANQUE POPULAIRE MEDITERRANEE - C&S - 2026,Closed - Won,2026-01-01,Pixid FR,Pack C&S,EUR,Direct
001IV000015S8ipYAC,012IV000001jKlBYAU,CAISSE D'EPARGNE BOURGOGNE FRANCHE COMTE (CEBFC) - C&S - 2026,Closed - Won,2026-01-01,Pixid FR,Pack C&S,EUR,Direct
001IV000015SADqYAO,012IV000001jKlBYAU,THUASNE - C&S - 2026,Closed - Won,2026-01-01,Pixid FR,Pack C&S,EUR,Direct
001IV000015S6a6YAC,012IV000001jKlBYAU,FMGC Groupe - C&S - 2026,Closed - Won,2026-01-01,Pixid FR,Pack C&S,EUR,Direct
001IV000015SAHxYAO,012IV000001jKlBYAU,VERNET - C&S - 2026,Closed - Won,2026-01-01,Pixid FR,Pack C&S,EUR,Direct
001IV000015S8jIYAS,012IV000001jKlBYAU,DAGARD - C&S - 2026,Closed - Won,2026-01-01,Pixid FR,Pack C&S,EUR,Direct
001IV000015S85lYAC,012IV000001jKlBYAU,REINE DE DIJON - C&S - 2026,Closed - Won,2026-01-01,Pixid FR,Pack C&S,EUR,Direct
001IV000015S2eEYAS,012IV000001jKlBYAU,GROUPE EUREDEN - (ex GROUPE D'AUCY - PEP sas) - C&S - 2026,Closed - Won,2026-01-01,Pixid FR,Pack C&S,EUR,Direct
001IV000015S8jEYAS,012IV000001jKlBYAU,TEXELIS - C&S - 2026,Closed - Won,2026-01-01,Pixid FR,Pack C&S,EUR,Direct
001IV000015RewKYAS,012IV000001jKlBYAU,CORDEN PHARMA CHENOVE - C&S - 2026,Closed - Won,2026-01-01,Pixid FR,Pack C&S,EUR,Direct
001IV000015S2e8YAC,012IV000001jKlBYAU,REYNAERS ALUMINIUM - C&S - 2026,Closed - Won,2026-01-01,Pixid FR,Pack C&S,EUR,Direct
001IV000015S2eZYAS,012IV000001jKlBYAU,EURIAL ULTRA-FRAIS - Château Salins - C&S - 2026,Closed - Won,2026-01-01,Pixid FR,Pack C&S,EUR,Direct
001IV000015S2SRYA0,012IV000001jKlBYAU,GUERLAIN sas - C&S - 2026,Closed - Won,2026-01-01,Pixid FR,Pack C&S,EUR,Direct
001IV000015S85uYAC,012IV000001jKlBYAU,FAIVELEY TECH BOURGOIN - C&S - 2026,Closed - Won,2026-01-01,Pixid FR,Pack C&S,EUR,Direct
001IV000015S85wYAC,012IV000001jKlBYAU,FLOWBIRD - (ex PARKEON) - C&S - 2026,Closed - Won,2026-01-01,Pixid FR,Pack C&S,EUR,Direct
001IV000015S2eMYAS,012IV000001jKlBYAU,EUREDEN (Société : AUBRET) - C&S - 2026,Closed - Won,2026-01-01,Pixid FR,Pack C&S,EUR,Direct
001IV000015SAFfYAO,012IV000001jKlBYAU,JEAN LARNAUDIE - C&S - 2026,Closed - Won,2026-01-01,Pixid FR,Pack C&S,EUR,Direct
001IV000015S6a4YAC,012IV000001jKlBYAU,CARBODY - C&S - 2026,Closed - Won,2026-01-01,Pixid FR,Pack C&S,EUR,Direct
001IV000015S86DYAS,012IV000001jKlBYAU,MDS sa - C&S - 2026,Closed - Won,2026-01-01,Pixid FR,Pack C&S,EUR,Direct
001IV000015RzTeYAK,012IV000001jKlBYAU,SOUCHIER BOULLET GROUPE - C&S - 2026,Closed - Won,2026-01-01,Pixid FR,Pack C&S,EUR,Direct
001IV000015S2eUYAS,012IV000001jKlBYAU,WESER - C&S - 2026,Closed - Won,2026-01-01,Pixid FR,Pack C&S,EUR,Direct
001IV000015S8irYAC,012IV000001jKlBYAU,PLASTIVALOIRE - C&S - 2026,Closed - Won,2026-01-01,Pixid FR,Pack C&S,EUR,Direct
001IV000015S2eFYAS,012IV000001jKlBYAU,SAEM ENERGIES - C&S - 2026,Closed - Won,2026-01-01,Pixid FR,Pack C&S,EUR,Direct
001IV000015S2eNYAS,012IV000001jKlBYAU,BONGARD - C&S - 2026,Closed - Won,2026-01-01,Pixid FR,Pack C&S,EUR,Direct
001IV000015SAHmYAO,012IV000001jKlBYAU,SAMB - C&S - 2026,Closed - Won,2026-01-01,Pixid FR,Pack C&S,EUR,Direct
001IV000015S8ifYAC,012IV000001jKlBYAU,CHARLES PERROUD - C&S - 2026,Closed - Won,2026-01-01,Pixid FR,Pack C&S,EUR,Direct
001IV000015RyE2YAK,012IV000001jKlBYAU,ELECTROPOLI - C&S - 2026,Closed - Won,2026-01-01,Pixid FR,Pack C&S,EUR,Direct
001IV000015RzTXYA0,012IV000001jKlBYAU,URGO - C&S - 2026,Closed - Won,2026-01-01,Pixid FR,Pack C&S,EUR,Direct
001IV000015RyDpYAK,012IV000001jKlBYAU,HERBAROM - C&S - 2026,Closed - Won,2026-01-01,Pixid FR,Pack C&S,EUR,Direct
001IV000015S864YAC,012IV000001jKlBYAU,JOUSSEAU - C&S - 2026,Closed - Won,2026-01-01,Pixid FR,Pack C&S,EUR,Direct
001IV000015S6ZyYAK,012IV000001jKlBYAU,PDG PLASTIQUES - C&S - 2026,Closed - Won,2026-01-01,Pixid FR,Pack C&S,EUR,Direct
001IV000015RewCYAS,012IV000001jKlBYAU,ROMAIRE - C&S - 2026,Closed - Won,2026-01-01,Pixid FR,Pack C&S,EUR,Direct
001IV000015RhU7YAK,012IV000001jKlBYAU,ROVAL - C&S - 2026,Closed - Won,2026-01-01,Pixid FR,Pack C&S,EUR,Direct
001IV000015SJKeYAO,012IV000001jKlBYAU,SAMIBOIS SAS - C&S - 2026,Closed - Won,2026-01-01,Pixid FR,Pack C&S,EUR,Direct
001IV000015S4lJYAS,012IV000001jKlBYAU,SAMIPLAST SAS - C&S - 2026,Closed - Won,2026-01-01,Pixid FR,Pack C&S,EUR,Direct
001IV000015RyDkYAK,012IV000001jKlBYAU,SECMAIR - C&S - 2026,Closed - Won,2026-01-01,Pixid FR,Pack C&S,EUR,Direct
001IV000015SAFgYAO,012IV000001jKlBYAU,SODEL LISIEUX - C&S - 2026,Closed - Won,2026-01-01,Pixid FR,Pack C&S,EUR,Direct
001IV000015S2eHYAS,012IV000001jKlBYAU,SOPRONEM - C&S - 2026,Closed - Won,2026-01-01,Pixid FR,Pack C&S,EUR,Direct
001IV000015S85tYAC,012IV000001jKlBYAU,MSSA SAS - C&S - 2026,Closed - Won,2026-01-01,Pixid FR,Pack C&S,EUR,Direct
001IV000015SAHRYA4,012IV000001jKlBYAU,GROUPE COFIDIS PARTICIPATIONS (SYNERGIE GEIE) - C&S - 2026,Closed - Won,2026-01-01,Pixid FR,Pack C&S,EUR,Direct
001IV000015S85iYAC,012IV000001jKlBYAU,PAPIN GROUPE - C&S - 2026,Closed - Won,2026-01-01,Pixid FR,Pack C&S,EUR,Direct
001IV000015S9GIYA0,012IV000001jKlBYAU,VERALLIA France - C&S - 2026,Closed - Won,2026-01-01,Pixid FR,Pack C&S,EUR,Direct
001IV000015S4lDYAS,012IV000001jKlBYAU,EUROPE SNACKS - (FRANDEX) - C&S - 2026,Closed - Won,2026-01-01,Pixid FR,Pack C&S,EUR,Direct
001IV000015S865YAC,012IV000001jKlBYAU,SIGVARIS - C&S - 2026,Closed - Won,2026-01-01,Pixid FR,Pack C&S,EUR,Direct
001IV000015S8jHYAS,012IV000001jKlBYAU,SOMFY GROUPE - C&S - 2026,Closed - Won,2026-01-01,Pixid FR,Pack C&S,EUR,Direct
001IV000015S869YAC,012IV000001jKlBYAU,LFB FRANCE (ex LENNOX ex LGL) - C&S - 2026,Closed - Won,2026-01-01,Pixid FR,Pack C&S,EUR,Direct
001IV000015RyDoYAK,012IV000001jKlBYAU,MW FRANCE - C&S - 2026,Closed - Won,2026-01-01,Pixid FR,Pack C&S,EUR,Direct
001IV000015RyDrYAK,012IV000001jKlBYAU,SAINT JEAN SAS - C&S - 2026,Closed - Won,2026-01-01,Pixid FR,Pack C&S,EUR,Direct
001IV000015S860YAC,012IV000001jKlBYAU,SATEBA sa - C&S - 2026,Closed - Won,2026-01-01,Pixid FR,Pack C&S,EUR,Direct
001IV000015S8jGYAS,012IV000001jKlBYAU,HEXCEL - C&S - 2026,Closed - Won,2026-01-01,Pixid FR,Pack C&S,EUR,Direct
001IV000015RewMYAS,012IV000001jKlBYAU,BLANCHON (GROUPE) - C&S - 2026,Closed - Won,2026-01-01,Pixid FR,Pack C&S,EUR,Direct
001IV000015Rew8YAC,012IV000001jKlBYAU,DOKA FRANCE - C&S - 2026,Closed - Won,2026-01-01,Pixid FR,Pack C&S,EUR,Direct
001IV000015S2SVYA0,012IV000001jKlBYAU,GROUPE DIFFUSION PLUS sas - C&S - 2026,Closed - Won,2026-01-01,Pixid FR,Pack C&S,EUR,Direct
001IV000015RewGYAS,012IV000001jKlBYAU,HANSGROHE - C&S - 2026,Closed - Won,2026-01-01,Pixid FR,Pack C&S,EUR,Direct
001IV000015S8iqYAC,012IV000001jKlBYAU,ORECO - C&S - 2026,Closed - Won,2026-01-01,Pixid FR,Pack C&S,EUR,Direct
001IV000015SAHTYA4,012IV000001jKlBYAU,EURALIS GASTRONOMIE - C&S - 2026,Closed - Won,2026-01-01,Pixid FR,Pack C&S,EUR,Direct
001IV000015RyDlYAK,012IV000001jKlBYAU,PUMA FRANCE SAS - C&S - 2026,Closed - Won,2026-01-01,Pixid FR,Pack C&S,EUR,Direct
001IV000015S2eQYAS,012IV000001jKlBYAU,CHABANNE - C&S - 2026,Closed - Won,2026-01-01,Pixid FR,Pack C&S,EUR,Direct
001IV000015S8j5YAC,012IV000001jKlBYAU,ETS ROLOT ET LEMASSON - C&S - 2026,Closed - Won,2026-01-01,Pixid FR,Pack C&S,EUR,Direct
001IV000015S50HYAS,012IV000001jKlBYAU,GEORGES MONIN - C&S - 2026,Closed - Won,2026-01-01,Pixid FR,Pack C&S,EUR,Direct
001IV000015S8ijYAC,012IV000001jKlBYAU,PILEJE SAS - C&S - 2026,Closed - Won,2026-01-01,Pixid FR,Pack C&S,EUR,Direct
001IV000015RzTOYA0,012IV000001jKlBYAU,COFIGEO sas - C&S - 2026,Closed - Won,2026-01-01,Pixid FR,Pack C&S,EUR,Direct
001IV000015S50MYAS,012IV000001jKlBYAU,LAFUMA MOBILIER (CALIDA GROUP) - C&S - 2026,Closed - Won,2026-01-01,Pixid FR,Pack C&S,EUR,Direct
001IV000015SAGoYAO,012IV000001jKlBYAU,ELECTRICFIL AUTOMOTIVE - C&S - 2026,Closed - Won,2026-01-01,Pixid FR,Pack C&S,EUR,Direct
001IV000015S6a5YAC,012IV000001jKlBYAU,CHARENTAISE DE DECOR - C&S - 2026,Closed - Won,2026-01-01,Pixid FR,Pack C&S,EUR,Direct
001IV000015RyL3YAK,012IV000001jKlBYAU,SODIS - C&S - 2026,Closed - Won,2026-01-01,Pixid FR,Pack C&S,EUR,Direct
001IV000015S50FYAS,012IV000001jKlBYAU,CHEVRON ORONITE - C&S - 2026,Closed - Won,2026-01-01,Pixid FR,Pack C&S,EUR,Direct
001IV000015S85mYAC,012IV000001jKlBYAU,CAILLAU - C&S - 2026,Closed - Won,2026-01-01,Pixid FR,Pack C&S,EUR,Direct
001IV000015S2SWYA0,012IV000001jKlBYAU,AVRIL GROUPE - C&S - 2026,Closed - Won,2026-01-01,Pixid FR,Pack C&S,EUR,Direct
001IV000015SAHPYA4,012IV000001jKlBYAU,LAGRANGE PRODUCTION - C&S - 2026,Closed - Won,2026-01-01,Pixid FR,Pack C&S,EUR,Direct
001IV000015S50GYAS,012IV000001jKlBYAU,MERITOR INDUSTRIAL PRODUCTS SAINT-ETIENNE - C&S - 2026,Closed - Won,2026-01-01,Pixid FR,Pack C&S,EUR,Direct
001IV000015S50AYAS,012IV000001jKlBYAU,PRADINES - C&S - 2026,Closed - Won,2026-01-01,Pixid FR,Pack C&S,EUR,Direct
001IV000015S866YAC,012IV000001jKlBYAU,POSSON PACKAGING - C&S - 2026,Closed - Won,2026-01-01,Pixid FR,Pack C&S,EUR,Direct
001IV000015SAHyYAO,012IV000001jKlBYAU,CORTEVA (EX: DUPONT DE NEMOURS) - C&S - 2026,Closed - Won,2026-01-01,Pixid FR,Pack C&S,EUR,Direct
001IV000015S8j4YAC,012IV000001jKlBYAU,DIANA GROUP - C&S - 2026,Closed - Won,2026-01-01,Pixid FR,Pack C&S,EUR,Direct
001IV000015S8jBYAS,012IV000001jKlBYAU,TORAY - C&S - 2026,Closed - Won,2026-01-01,Pixid FR,Pack C&S,EUR,Direct
001IV000015SADrYAO,012IV000001jKlBYAU,ELYSEE COSMETIQUES - C&S - 2026,Closed - Won,2026-01-01,Pixid FR,Pack C&S,EUR,Direct
001IV000015S85xYAC,012IV000001jKlBYAU,ACIAL - C&S - 2026,Closed - Won,2026-01-01,Pixid FR,Pack C&S,EUR,Direct
001IV000015S507YAC,012IV000001jKlBYAU,FOSSIL GROUP - C&S - 2026,Closed - Won,2026-01-01,Pixid FR,Pack C&S,EUR,Direct
001IV000015SADoYAO,012IV000001jKlBYAU,EIS - EURO INFORMATION - C&S - 2026,Closed - Won,2026-01-01,Pixid FR,Pack C&S,EUR,Direct
001IV000015RyE1YAK,012IV000001jKlBYAU,FREUDENBERG SEALING TECHNOLOGIES sas - C&S - 2026,Closed - Won,2026-01-01,Pixid FR,Pack C&S,EUR,Direct
001IV000015S6VVYA0,012IV000001jKlBYAU,M. CHAPOUTIER - C&S - 2026,Closed - Won,2026-01-01,Pixid FR,Pack C&S,EUR,Direct
001IV000015S50CYAS,012IV000001jKlBYAU,BIC RASOIRS - C&S - 2026,Closed - Won,2026-01-01,Pixid FR,Pack C&S,EUR,Direct
001IV000015S85sYAC,012IV000001jKlBYAU,VISKASE SAS - C&S - 2026,Closed - Won,2026-01-01,Pixid FR,Pack C&S,EUR,Direct
001IV000015S8igYAC,012IV000001jKlBYAU,WHAT'S COOKING FRANCE (EX STEFANO TOSELLI) - C&S - 2026,Closed - Won,2026-01-01,Pixid FR,Pack C&S,EUR,Direct
001IV000015SAHkYAO,012IV000001jKlBYAU,EMG-EARLY MAKERS GROUP - C&S - 2026,Closed - Won,2026-01-01,Pixid FR,Pack C&S,EUR,Direct
001IV000015RzTMYA0,012IV000001jKlBYAU,CORNING POUYET SAS - C&S - 2026,Closed - Won,2026-01-01,Pixid FR,Pack C&S,EUR,Direct
001IV000015RzTWYA0,012IV000001jKlBYAU,ROCHLING INDUSTRIAL NANCY - C&S - 2026,Closed - Won,2026-01-01,Pixid FR,Pack C&S,EUR,Direct
001IV000015SJXYYA4,012IV000001jKlBYAU,NESTLE PURINA CENTRE R&D - C&S - 2026,Closed - Won,2026-01-01,Pixid FR,Pack C&S,EUR,Direct
001IV000015SAHoYAO,012IV000001jKlBYAU,EUROAPI - C&S - 2026,Closed - Won,2026-01-01,Pixid FR,Pack C&S,EUR,Direct
001IV000015S1XOYA0,012IV000001jKlBYAU,VW BANK - C&S - 2026,Closed - Won,2026-01-01,Pixid FR,Pack C&S,EUR,Direct
001IV000015SAHuYAO,012IV000001jKlBYAU,FRENEHARD ET MICHAUX - C&S - 2026,Closed - Won,2026-01-01,Pixid FR,Pack C&S,EUR,Direct
001IV000015SADsYAO,012IV000001jKlBYAU,FROMAGERIE DE VIHIERS - C&S - 2026,Closed - Won,2026-01-01,Pixid FR,Pack C&S,EUR,Direct
001IV000015S9GHYA0,012IV000001jKlBYAU,AGH ALAIN GLON HOLDING - C&S - 2026,Closed - Won,2026-01-01,Pixid FR,Pack C&S,EUR,Direct
001IV000015RewIYAS,012IV000001jKlBYAU,COMATELEC SCHREDER - C&S - 2026,Closed - Won,2026-01-01,Pixid FR,Pack C&S,EUR,Direct
001IV000015RzTgYAK,012IV000001jKlBYAU,FROMAGERIE PERREAULT - C&S - 2026,Closed - Won,2026-01-01,Pixid FR,Pack C&S,EUR,Direct
001IV000015S2eaYAC,012IV000001jKlBYAU,EUROLYSINE (ex METEX NOOVISTAGO) - C&S - 2026,Closed - Won,2026-01-01,Pixid FR,Pack C&S,EUR,Direct
001IV000015RzTiYAK,012IV000001jKlBYAU,NUTRISET - C&S - 2026,Closed - Won,2026-01-01,Pixid FR,Pack C&S,EUR,Direct
001IV000015S2eWYAS,012IV000001jKlBYAU,SALOMON MAVIC (PONTOON) - C&S - 2026,Closed - Won,2026-01-01,Pixid FR,Pack C&S,EUR,Direct
001IV000015RewRYAS,012IV000001jKlBYAU,ADECCO OUTSOURCING - C&S - 2026,Closed - Won,2026-01-01,Pixid FR,Pack C&S,EUR,Direct
001IV000015MBzIYAW,012IV000001jKlBYAU,CONSTELLIUM MONTREUIL JUIGNE - C&S - 2026,Closed - Won,2026-01-01,Pixid FR,Pack C&S,EUR,Direct
001IV000015RewOYAS,012IV000001jKlBYAU,AUBIN IMPRIMEUR - C&S - 2026,Closed - Won,2026-01-01,Pixid FR,Pack C&S,EUR,Direct
001IV000015RzTaYAK,012IV000001jKlBYAU,BRANDT FRANCE - C&S - 2026,Closed - Won,2026-01-01,Pixid FR,Pack C&S,EUR,Direct
001IV000015S8j6YAC,012IV000001jKlBYAU,VOLKSWAGEN GROUP FRANCE - C&S - 2026,Closed - Won,2026-01-01,Pixid FR,Pack C&S,EUR,Direct
001IV000015RewBYAS,012IV000001jKlBYAU,ONDULYS (VPK Group) - C&S - 2026,Closed - Won,2026-01-01,Pixid FR,Pack C&S,EUR,Direct
001IV000015S8iZYAS,012IV000001jKlBYAU,GROUPE SYLVAGREG (ICARE) - C&S - 2026,Closed - Won,2026-01-01,Pixid FR,Pack C&S,EUR,Direct
001IV000015S2STYA0,012IV000001jKlBYAU,GHM - C&S - 2026,Closed - Won,2026-01-01,Pixid FR,Pack C&S,EUR,Direct
001IV000015RyDmYAK,012IV000001jKlBYAU,GROUPE MAINE - C&S - 2026,Closed - Won,2026-01-01,Pixid FR,Pack C&S,EUR,Direct
001IV000015S2eAYAS,012IV000001jKlBYAU,PIERRE FABRE - C&S - 2026,Closed - Won,2026-01-01,Pixid FR,Pack C&S,EUR,Direct
001IV000015S8ixYAC,012IV000001jKlBYAU,ABB FRANCE - C&S - 2026,Closed - Won,2026-01-01,Pixid FR,Pack C&S,EUR,Direct
001IV000015S8jAYAS,012IV000001jKlBYAU,INTERFORUM - C&S - 2026,Closed - Won,2026-01-01,Pixid FR,Pack C&S,EUR,Direct
001IV000015S2SJYA0,012IV000001jKlBYAU,RD ANGERS (ex KEOLIS ANGERS) - C&S - 2026,Closed - Won,2026-01-01,Pixid FR,Pack C&S,EUR,Direct
001IV000015S86FYAS,012IV000001jKlBYAU,ROSSIGNOL (GROUPE) - C&S - 2026,Closed - Won,2026-01-01,Pixid FR,Pack C&S,EUR,Direct
001IV000015RzTZYA0,012IV000001jKlBYAU,CHEDDITE - C&S - 2026,Closed - Won,2026-01-01,Pixid FR,Pack C&S,EUR,Direct
001IV000015S8iRYAS,012IV000001jKlBYAU,GROUPE GALLAUD - C&S - 2026,Closed - Won,2026-01-01,Pixid FR,Pack C&S,EUR,Direct
001IV000015S8icYAC,012IV000001jKlBYAU,PRODUITS BERGER SAS - C&S - 2026,Closed - Won,2026-01-01,Pixid FR,Pack C&S,EUR,Direct
001IV000015RxtaYAC,012IV000001jKlBYAU,NORAC GROUPE - C&S - 2026,Closed - Won,2026-01-01,Pixid FR,Pack C&S,EUR,Direct
001IV000015S8iVYAS,012IV000001jKlBYAU,SNF WATER - C&S - 2026,Closed - Won,2026-01-01,Pixid FR,Pack C&S,EUR,Direct
001IV000015RzTPYA0,012IV000001jKlBYAU,DIRICKX - (PICOT) - C&S - 2026,Closed - Won,2026-01-01,Pixid FR,Pack C&S,EUR,Direct
001IV000015Rew7YAC,012IV000001jKlBYAU,ATS - C&S - 2026,Closed - Won,2026-01-01,Pixid FR,Pack C&S,EUR,Direct
001IV000015S86CYAS,012IV000001jKlBYAU,EDA - (Ets GEORGES DAVID) - C&S - 2026,Closed - Won,2026-01-01,Pixid FR,Pack C&S,EUR,Direct
001IV000015RzTNYA0,012IV000001jKlBYAU,AKWEL - C&S - 2026,Closed - Won,2026-01-01,Pixid FR,Pack C&S,EUR,Direct
001IV000015SADtYAO,012IV000001jKlBYAU,GERFLOR GROUPE - C&S - 2026,Closed - Won,2026-01-01,Pixid FR,Pack C&S,EUR,Direct
001IV000015S8ikYAC,012IV000001jKlBYAU,ALFA LAVAL GOLBEY (ex : FIVES CRYO) - C&S - 2026,Closed - Won,2026-01-01,Pixid FR,Pack C&S,EUR,Direct
001IV000015S8jCYAS,012IV000001jKlBYAU,DIMOTRANS GROUP - C&S - 2026,Closed - Won,2026-01-01,Pixid FR,Pack C&S,EUR,Direct
001IV000015S85vYAC,012IV000001jKlBYAU,FARMEA - C&S - 2026,Closed - Won,2026-01-01,Pixid FR,Pack C&S,EUR,Direct
001IV000015S2SSYA0,012IV000001jKlBYAU,WAVIN SAS - C&S - 2026,Closed - Won,2026-01-01,Pixid FR,Pack C&S,EUR,Direct
001IV000015RyDtYAK,012IV000001jKlBYAU,CSM FRANCE sas - C&S - 2026,Closed - Won,2026-01-01,Pixid FR,Pack C&S,EUR,Direct
001IV000015l3aLYAQ,012IV000001jKlBYAU,FRESENIUS KABI FRANCE - C&S - 2026,Closed - Won,2026-01-01,Pixid FR,Pack C&S,EUR,Direct
001IV000015S2eSYAS,012IV000001jKlBYAU,FMC FRANCE - C&S - 2026,Closed - Won,2026-01-01,Pixid FR,Pack C&S,EUR,Direct
001IV000015S8j7YAC,012IV000001jKlBYAU,FEDERAL MOGUL OPERATIONS FRANCE - C&S - 2026,Closed - Won,2026-01-01,Pixid FR,Pack C&S,EUR,Direct
001IV000015RewDYAS,012IV000001jKlBYAU,MBS ASSOCIATION - C&S - 2026,Closed - Won,2026-01-01,Pixid FR,Pack C&S,EUR,Direct
001IV000015SAHpYAO,012IV000001jKlBYAU,REMY COINTREAU GROUPE - C&S - 2026,Closed - Won,2026-01-01,Pixid FR,Pack C&S,EUR,Direct
001IV000015S6ZxYAK,012IV000001jKlBYAU,ABRISUD - C&S - 2026,Closed - Won,2026-01-01,Pixid FR,Pack C&S,EUR,Direct
001IV000015SAHtYAO,012IV000001jKlBYAU,LOC MARIA BISCUITS (GROUPE) - C&S - 2026,Closed - Won,2026-01-01,Pixid FR,Pack C&S,EUR,Direct
001IV000015S861YAC,012IV000001jKlBYAU,UNIVERSITE CATHOLIQUE DE L'OUEST - (ASS ST-YVES - UCO) - C&S - 2026,Closed - Won,2026-01-01,Pixid FR,Pack C&S,EUR,Direct
001IV000015RyE9YAK,012IV000001jKlBYAU,PARKER HANNIFIN MANUFACTURING FRANCE SAS - C&S - 2026,Closed - Won,2026-01-01,Pixid FR,Pack C&S,EUR,Direct
001IV000015S8iQYAS,012IV000001jKlBYAU,CHEMVIRON sas - C&S - 2026,Closed - Won,2026-01-01,Pixid FR,Pack C&S,EUR,Direct
001IV000015RyE3YAK,012IV000001jKlBYAU,COLUMBIA SPORTSWEAR - C&S - 2026,Closed - Won,2026-01-01,Pixid FR,Pack C&S,EUR,Direct
001IV000015S2eGYAS,012IV000001jKlBYAU,SWISS KRONO - C&S - 2026,Closed - Won,2026-01-01,Pixid FR,Pack C&S,EUR,Direct
001IV000015SAFjYAO,012IV000001jKlBYAU,LE TELEGRAMME - MORLAIX - C&S - 2026,Closed - Won,2026-01-01,Pixid FR,Pack C&S,EUR,Direct
001IV000015RzTdYAK,012IV000001jKlBYAU,LINDAL FRANCE - C&S - 2026,Closed - Won,2026-01-01,Pixid FR,Pack C&S,EUR,Direct
001IV000015S2eYYAS,012IV000001jKlBYAU,BALL AEROSOL PACKAGING - C&S - 2026,Closed - Won,2026-01-01,Pixid FR,Pack C&S,EUR,Direct
001IV000015RzTLYA0,012IV000001jKlBYAU,SAINT JEAN INDUSTRIES - C&S - 2026,Closed - Won,2026-01-01,Pixid FR,Pack C&S,EUR,Direct
001IV000015RzThYAK,012IV000001jKlBYAU,CROWN BEVCAN FRANCE - C&S - 2026,Closed - Won,2026-01-01,Pixid FR,Pack C&S,EUR,Direct
001IV000015S8iPYAS,012IV000001jKlBYAU,C&K COMPONENTS SAS - C&S - 2026,Closed - Won,2026-01-01,Pixid FR,Pack C&S,EUR,Direct
001IV000015S8ibYAC,012IV000001jKlBYAU,ESTIVIN GROUPE (EGHF) - C&S - 2026,Closed - Won,2026-01-01,Pixid FR,Pack C&S,EUR,Direct
001IV000015SAI7YAO,012IV000001jKlBYAU,HM CLAUSE - (LIMAGRAIN GROUP) - C&S - 2026,Closed - Won,2026-01-01,Pixid FR,Pack C&S,EUR,Direct
001IV000015S2eXYAS,012IV000001jKlBYAU,SARREL - C&S - 2026,Closed - Won,2026-01-01,Pixid FR,Pack C&S,EUR,Direct
001IV000015RyDgYAK,012IV000001jKlBYAU,BASF AGRIPRODUCTION - C&S - 2026,Closed - Won,2026-01-01,Pixid FR,Pack C&S,EUR,Direct
001IV000015S8inYAC,012IV000001jKlBYAU,COFEL - C&S - 2026,Closed - Won,2026-01-01,Pixid FR,Pack C&S,EUR,Direct
001IV000015S85jYAC,012IV000001jKlBYAU,MEWA (C&S) - C&S - 2026,Closed - Won,2026-01-01,Pixid FR,Pack C&S,EUR,Direct
001IV000015SAFhYAO,012IV000001jKlBYAU,INTERNATIONAL PAPER France - C&S - 2026,Closed - Won,2026-01-01,Pixid FR,Pack C&S,EUR,Direct
001IV000015SAFaYAO,012IV000001jKlBYAU,MAVIC GROUP - C&S - 2026,Closed - Won,2026-01-01,Pixid FR,Pack C&S,EUR,Direct
001IV000015RzTRYA0,012IV000001jKlBYAU,MINITUBES - C&S - 2026,Closed - Won,2026-01-01,Pixid FR,Pack C&S,EUR,Direct
001IV000015S509YAC,012IV000001jKlBYAU,SACMI - C&S - 2026,Closed - Won,2026-01-01,Pixid FR,Pack C&S,EUR,Direct
001IV000015SADpYAO,012IV000001jKlBYAU,DAREGAL sas - C&S - 2026,Closed - Won,2026-01-01,Pixid FR,Pack C&S,EUR,Direct
001IV000015S86AYAS,012IV000001jKlBYAU,HARIBO - C&S - 2026,Closed - Won,2026-01-01,Pixid FR,Pack C&S,EUR,Direct
001IV000015S4lCYAS,012IV000001jKlBYAU,LINDT ET SPRUNGLI - C&S - 2026,Closed - Won,2026-01-01,Pixid FR,Pack C&S,EUR,Direct
001IV000015SAFcYAO,012IV000001jKlBYAU,METALOR TECHNOLOGIES - C&S - 2026,Closed - Won,2026-01-01,Pixid FR,Pack C&S,EUR,Direct
001IV000015SAI8YAO,012IV000001jKlBYAU,MERSEN - C&S - 2026,Closed - Won,2026-01-01,Pixid FR,Pack C&S,EUR,Direct
001IV000015RyL1YAK,012IV000001jKlBYAU,UPSA - C&S - 2026,Closed - Won,2026-01-01,Pixid FR,Pack C&S,EUR,Direct
001IV000015S2eDYAS,012IV000001jKlBYAU,FIELDTURF TARKETT - C&S - 2026,Closed - Won,2026-01-01,Pixid FR,Pack C&S,EUR,Direct
001IV000015S8iWYAS,012IV000001jKlBYAU,LA REDOUTE - C&S - 2026,Closed - Won,2026-01-01,Pixid FR,Pack C&S,EUR,Direct
001IV000015S2eLYAS,012IV000001jKlBYAU,IMERYS SA - C&S - 2026,Closed - Won,2026-01-01,Pixid FR,Pack C&S,EUR,Direct
001IV000015S2eIYAS,012IV000001jKlBYAU,QUADIENT FRANCE - C&S - 2026,Closed - Won,2026-01-01,Pixid FR,Pack C&S,EUR,Direct
001IV000015S8nNYAS,012IV000001jKlBYAU,GINDRE GROUPE - C&S - 2026,Closed - Won,2026-01-01,Pixid FR,Pack C&S,EUR,Direct
001IV000015S6ZzYAK,012IV000001jKlBYAU,ERIDIUM GROUPE - (SOFLACOBAT) - C&S - 2026,Closed - Won,2026-01-01,Pixid FR,Pack C&S,EUR,Direct
001IV000015S8ivYAC,012IV000001jKlBYAU,KELIAS ( ex LACROIX CITY SAINT HERBLAIN) - C&S - 2026,Closed - Won,2026-01-01,Pixid FR,Pack C&S,EUR,Direct
001IV000015SAIAYA4,012IV000001jKlBYAU,SAVOY MOULAGE - C&S - 2026,Closed - Won,2026-01-01,Pixid FR,Pack C&S,EUR,Direct
001IV000015S2SLYA0,012IV000001jKlBYAU,DE NEUVILLE - C&S - 2026,Closed - Won,2026-01-01,Pixid FR,Pack C&S,EUR,Direct
001IV000015S2SPYA0,012IV000001jKlBYAU,QUALIFORM - C&S - 2026,Closed - Won,2026-01-01,Pixid FR,Pack C&S,EUR,Direct
001IV000015S50NYAS,012IV000001jKlBYAU,AXE GROUP - C&S - 2026,Closed - Won,2026-01-01,Pixid FR,Pack C&S,EUR,Direct
001IV000015RewLYAS,012IV000001jKlBYAU,GATES SAS - C&S - 2026,Closed - Won,2026-01-01,Pixid FR,Pack C&S,EUR,Direct
001IV000015S85nYAC,012IV000001jKlBYAU,KALISTRUT AEROSPACE - C&S - 2026,Closed - Won,2026-01-01,Pixid FR,Pack C&S,EUR,Direct
001IV000015RyDsYAK,012IV000001jKlBYAU,NOBEL PLASTIQUES - C&S - 2026,Closed - Won,2026-01-01,Pixid FR,Pack C&S,EUR,Direct
001IV000015S2eJYAS,012IV000001jKlBYAU,LABORATOIRE CHAUVIN - C&S - 2026,Closed - Won,2026-01-01,Pixid FR,Pack C&S,EUR,Direct
001IV000015S8iuYAC,012IV000001jKlBYAU,KUHN - C&S - 2026,Closed - Won,2026-01-01,Pixid FR,Pack C&S,EUR,Direct
001IV000015S86GYAS,012IV000001jKlBYAU,SEALED AIR SAS - C&S - 2026,Closed - Won,2026-01-01,Pixid FR,Pack C&S,EUR,Direct
001IV000015RyDyYAK,012IV000001jKlBYAU,WKW FRANCE - C&S - 2026,Closed - Won,2026-01-01,Pixid FR,Pack C&S,EUR,Direct
001IV000015S8j1YAC,012IV000001jKlBYAU,LFB BIOMEDICAMENTS (GROUPE) - C&S - 2026,Closed - Won,2026-01-01,Pixid FR,Pack C&S,EUR,Direct
001IV000015RzTUYA0,012IV000001jKlBYAU,LIOTARD - C&S - 2026,Closed - Won,2026-01-01,Pixid FR,Pack C&S,EUR,Direct
001IV000015RhU3YAK,012IV000001jKlBYAU,D MEDICA - C&S - 2026,Closed - Won,2026-01-01,Pixid FR,Pack C&S,EUR,Direct
001IV000015RewFYAS,012IV000001jKlBYAU,MAISON COLIBRI - C&S - 2026,Closed - Won,2026-01-01,Pixid FR,Pack C&S,EUR,Direct
001IV000015S2ePYAS,012IV000001jKlBYAU,FLIP SAS - C&S - 2026,Closed - Won,2026-01-01,Pixid FR,Pack C&S,EUR,Direct
001IV000015S50RYAS,012IV000001jKlBYAU,METSO FRANCE SAS - C&S - 2026,Closed - Won,2026-01-01,Pixid FR,Pack C&S,EUR,Direct
001IV000015SAHwYAO,012IV000001jKlBYAU,CETIH DEVELOPPEMENT - C&S - 2026,Closed - Won,2026-01-01,Pixid FR,Pack C&S,EUR,Direct
001IV000015RuolYAC,012IV000001jKlBYAU,MHCS - (LVMH) - C&S - 2026,Closed - Won,2026-01-01,Pixid FR,Pack C&S,EUR,Direct
001IV000015RuomYAC,012IV000001jKlBYAU,HENNESSY - (LVMH) - C&S - 2026,Closed - Won,2026-01-01,Pixid FR,Pack C&S,EUR,Direct
001IV000015S8idYAC,012IV000001jKlBYAU,MAITRES LAITIERS DU COTENTIN - C&S - 2026,Closed - Won,2026-01-01,Pixid FR,Pack C&S,EUR,Direct
001IV000015S85yYAC,012IV000001jKlBYAU,JM BRUNEAU - C&S - 2026,Closed - Won,2026-01-01,Pixid FR,Pack C&S,EUR,Direct
001IV000015S50BYAS,012IV000001jKlBYAU,GEORGES HELFER - C&S - 2026,Closed - Won,2026-01-01,Pixid FR,Pack C&S,EUR,Direct
001IV000015S2eBYAS,012IV000001jKlBYAU,OLICHON GROUPE (TSO ...) - C&S - 2026,Closed - Won,2026-01-01,Pixid FR,Pack C&S,EUR,Direct
001IV000015RyE7YAK,012IV000001jKlBYAU,EUROCOUSTIC - C&S - 2026,Closed - Won,2026-01-01,Pixid FR,Pack C&S,EUR,Direct
001IV000015RyE6YAK,012IV000001jKlBYAU,SEPR - C&S - 2026,Closed - Won,2026-01-01,Pixid FR,Pack C&S,EUR,Direct
001IV000015S50JYAS,012IV000001jKlBYAU,SGGSMI - C&S - 2026,Closed - Won,2026-01-01,Pixid FR,Pack C&S,EUR,Direct
001IV000015S8j8YAC,012IV000001jKlBYAU,ORANGINA SUNTORY FRANCE - C&S - 2026,Closed - Won,2026-01-01,Pixid FR,Pack C&S,EUR,Direct
001IV000015S6a8YAC,012IV000001jKlBYAU,BIO HABITAT - C&S - 2026,Closed - Won,2026-01-01,Pixid FR,Pack C&S,EUR,Direct
001IV000015S863YAC,012IV000001jKlBYAU,FENETREA - C&S - 2026,Closed - Won,2026-01-01,Pixid FR,Pack C&S,EUR,Direct
001IV000015RzTbYAK,012IV000001jKlBYAU,FPT POWERTRAIN TECHNOLOGIES FRANCE - C&S - 2026,Closed - Won,2026-01-01,Pixid FR,Pack C&S,EUR,Direct
001IV000015RzTVYA0,012IV000001jKlBYAU,RICOH FRANCE - C&S - 2026,Closed - Won,2026-01-01,Pixid FR,Pack C&S,EUR,Direct
001IV000015RvVPYA0,012IV000001jKlBYAU,NESTLE PURINA PETCARE AUBIGNY - C&S - 2026,Closed - Won,2026-01-01,Pixid FR,Pack C&S,EUR,Direct
001IV000015RyKzYAK,012IV000001jKlBYAU,BOEHRINGER INGELHEIM - C&S - 2026,Closed - Won,2026-01-01,Pixid FR,Pack C&S,EUR,Direct
001IV000015RewPYAS,012IV000001jKlBYAU,BARILLA ST VULBAS - C&S - 2026,Closed - Won,2026-01-01,Pixid FR,Pack C&S,EUR,Direct
001IV000015SJXRYA4,012IV000001jKlBYAU,ITRON MASSY - C&S - 2026,Closed - Won,2026-01-01,Pixid FR,Pack C&S,EUR,Direct
001IV000015S8ieYAC,012IV000001jKlBYAU,PERNOD RICARD FRANCE - C&S - 2026,Closed - Won,2026-01-01,Pixid FR,Pack C&S,EUR,Direct
001IV000015S4lEYAS,012IV000001jKlBYAU,WURTH FRANCE SAS - C&S - 2026,Closed - Won,2026-01-01,Pixid FR,Pack C&S,EUR,Direct
001IV000015S50EYAS,012IV000001jKlBYAU,L&L PRODUCTS - C&S - 2026,Closed - Won,2026-01-01,Pixid FR,Pack C&S,EUR,Direct
001IV000015S8ihYAC,012IV000001jKlBYAU,IESEG - C&S - 2026,Closed - Won,2026-01-01,Pixid FR,Pack C&S,EUR,Direct
001IV000015RyDnYAK,012IV000001jKlBYAU,SEYFERT SAS - C&S - 2026,Closed - Won,2026-01-01,Pixid FR,Pack C&S,EUR,Direct
001IV000015Rew9YAC,012IV000001jKlBYAU,MOULINS BOURGEOIS (DE VERDELOT) - C&S - 2026,Closed - Won,2026-01-01,Pixid FR,Pack C&S,EUR,Direct
001IV000015S50IYAS,012IV000001jKlBYAU,NICOMATIC - C&S - 2026,Closed - Won,2026-01-01,Pixid FR,Pack C&S,EUR,Direct
001IV000015S2e7YAC,012IV000001jKlBYAU,SOCIETE GENERALE TECHNIQUE - C&S - 2026,Closed - Won,2026-01-01,Pixid FR,Pack C&S,EUR,Direct
001IV000015S6ZwYAK,012IV000001jKlBYAU,JELD WEN USSEL - C&S - 2026,Closed - Won,2026-01-01,Pixid FR,Pack C&S,EUR,Direct
001IV000015RyDhYAK,012IV000001jKlBYAU,DSP - C&S - 2026,Closed - Won,2026-01-01,Pixid FR,Pack C&S,EUR,Direct
001IV000015S50DYAS,012IV000001jKlBYAU,SOCAMAINE - C&S - 2026,Closed - Won,2026-01-01,Pixid FR,Pack C&S,EUR,Direct
001IV000015RewJYAS,012IV000001jKlBYAU,CENEXI HSC - C&S - 2026,Closed - Won,2026-01-01,Pixid FR,Pack C&S,EUR,Direct
001IV000015RewQYAS,012IV000001jKlBYAU,GROUPE D'AUCY UNION FERMIERE MORBIHANNAISE - C&S - 2026,Closed - Won,2026-01-01,Pixid FR,Pack C&S,EUR,Direct
001IV000015S8iyYAC,012IV000001jKlBYAU,EOLIANCE (ex : QUINOA GROUP SOTIS) - C&S - 2026,Closed - Won,2026-01-01,Pixid FR,Pack C&S,EUR,Direct
001IV000015RzTfYAK,012IV000001jKlBYAU,BARBIER GROUPE - C&S - 2026,Closed - Won,2026-01-01,Pixid FR,Pack C&S,EUR,Direct
001IV000015S2SOYA0,012IV000001jKlBYAU,BAUMER BOURDON HAENNI (PME) - C&S - 2026,Closed - Won,2026-01-01,Pixid FR,Pack C&S,EUR,Direct
001IV000015S50PYAS,012IV000001jKlBYAU,LHH - C&S - 2026,Closed - Won,2026-01-01,Pixid FR,Pack C&S,EUR,Direct
001IV000015S85qYAC,012IV000001jKlBYAU,GREENYARD - C&S - 2026,Closed - Won,2026-01-01,Pixid FR,Pack C&S,EUR,Direct
001IV000015SAHQYA4,012IV000001jKlBYAU,CAMUS - C&S - 2026,Closed - Won,2026-01-01,Pixid FR,Pack C&S,EUR,Direct
001IV000015SAFdYAO,012IV000001jKlBYAU,STOKOMANI - C&S - 2026,Closed - Won,2026-01-01,Pixid FR,Pack C&S,EUR,Direct
001IV000015SAFbYAO,012IV000001jKlBYAU,GROUPE STRADAL - C&S - 2026,Closed - Won,2026-01-01,Pixid FR,Pack C&S,EUR,Direct
001IV000015SAHSYA4,012IV000001jKlBYAU,SPS FRANCE & BENELUX - C&S - 2026,Closed - Won,2026-01-01,Pixid FR,Pack C&S,EUR,Direct
001IV000015S2e9YAC,012IV000001jKlBYAU,JMI HOLDING - (CRUSTA C) - C&S - 2026,Closed - Won,2026-01-01,Pixid FR,Pack C&S,EUR,Direct
001IV000015SAHnYAO,012IV000001jKlBYAU,KOYO BEARINGS - (JTEKT) - C&S - 2026,Closed - Won,2026-01-01,Pixid FR,Pack C&S,EUR,Direct
001IV000015RewAYAS,012IV000001jKlBYAU,NEFAB PACKAGING - C&S - 2026,Closed - Won,2026-01-01,Pixid FR,Pack C&S,EUR,Direct
001IV000015RyL2YAK,012IV000001jKlBYAU,RADIALL - C&S - 2026,Closed - Won,2026-01-01,Pixid FR,Pack C&S,EUR,Direct
001IV000015Rew6YAC,012IV000001jKlBYAU,LEMOINE FRANCE - C&S - 2026,Closed - Won,2026-01-01,Pixid FR,Pack C&S,EUR,Direct
001IV000015SAI1YAO,012IV000001jKlBYAU,GRUPO ANTOLIN BESANCON - C&S - 2026,Closed - Won,2026-01-01,Pixid FR,Pack C&S,EUR,Direct
001IV000015SAHvYAO,012IV000001jKlBYAU,GRUPO ANTOLIN VOSGES - C&S - 2026,Closed - Won,2026-01-01,Pixid FR,Pack C&S,EUR,Direct
001IV000015S8iSYAS,012IV000001jKlBYAU,TECHNOFLEX - C&S - 2026,Closed - Won,2026-01-01,Pixid FR,Pack C&S,EUR,Direct
001IV000015RzTYYA0,012IV000001jKlBYAU,STREIT GROUPE - C&S - 2026,Closed - Won,2026-01-01,Pixid FR,Pack C&S,EUR,Direct
001IV000015S86HYAS,012IV000001jKlBYAU,DELTA DORE - C&S - 2026,Closed - Won,2026-01-01,Pixid FR,Pack C&S,EUR,Direct
001IV000015SAHlYAO,012IV000001jKlBYAU,EPHIGEA GRAIN DE MALICE sasu - C&S - 2026,Closed - Won,2026-01-01,Pixid FR,Pack C&S,EUR,Direct
001IV000015S2eVYAS,012IV000001jKlBYAU,EUROPEENNE DE CONDIMENTS - C&S - 2026,Closed - Won,2026-01-01,Pixid FR,Pack C&S,EUR,Direct
001IV000015SAHzYAO,012IV000001jKlBYAU,HAMELIN GROUPE (FINHAM) - C&S - 2026,Closed - Won,2026-01-01,Pixid FR,Pack C&S,EUR,Direct
001IV000015S6a0YAC,012IV000001jKlBYAU,CONDAT - C&S - 2026,Closed - Won,2026-01-01,Pixid FR,Pack C&S,EUR,Direct
001IV000015S2eRYAS,012IV000001jKlBYAU,CHRYSO FRANCE (ex GCP PRODUITS DE CONSTRUCTION) - C&S - 2026,Closed - Won,2026-01-01,Pixid FR,Pack C&S,EUR,Direct
001IV000015SAI2YAO,012IV000001jKlBYAU,ARAYMOND FRANCE - C&S - 2026,Closed - Won,2026-01-01,Pixid FR,Pack C&S,EUR,Direct
001IV000015SAI3YAO,012IV000001jKlBYAU,ARAYMOND FLUID CONNECTION - C&S - 2026,Closed - Won,2026-01-01,Pixid FR,Pack C&S,EUR,Direct
001IV000015SAI4YAO,012IV000001jKlBYAU,ARAYMOND LIFE - C&S - 2026,Closed - Won,2026-01-01,Pixid FR,Pack C&S,EUR,Direct
001IV000015S8jDYAS,012IV000001jKlBYAU,CAISSE D'EPARGNE RHONE ALPES - (C&S) - C&S - 2026,Closed - Won,2026-01-01,Pixid FR,Pack C&S,EUR,Direct
001IV000015S8iaYAC,012IV000001jKlBYAU,LISI AEROSPACE (LES FORGES DE BOLOGNE) - C&S - 2026,Closed - Won,2026-01-01,Pixid FR,Pack C&S,EUR,Direct
001IV000015RewHYAS,012IV000001jKlBYAU,ARMOR PROTEINES - C&S - 2026,Closed - Won,2026-01-01,Pixid FR,Pack C&S,EUR,Direct
001IV000015RKNcYAO,012IV000001jKlBYAU,VISHAY - C&S - 2026,Closed - Won,2026-01-01,Pixid FR,Pack C&S,EUR,Direct
001IV000015S6a1YAC,012IV000001jKlBYAU,FINE LAME - C&S - 2026,Closed - Won,2026-01-01,Pixid FR,Pack C&S,EUR,Direct
001IV000015RewEYAS,012IV000001jKlBYAU,UCELIA - C&S - 2026,Closed - Won,2026-01-01,Pixid FR,Pack C&S,EUR,Direct
001IV000015S85oYAC,012IV000001jKlBYAU,LES ZELLES - C&S - 2026,Closed - Won,2026-01-01,Pixid FR,Pack C&S,EUR,Direct
001IV000015S6a2YAC,012IV000001jKlBYAU,EGDC - (GMR INVESTISSEMENT) - C&S - 2026,Closed - Won,2026-01-01,Pixid FR,Pack C&S,EUR,Direct
001IV000015S6a3YAC,012IV000001jKlBYAU,YABON VERNEUIL - C&S - 2026,Closed - Won,2026-01-01,Pixid FR,Pack C&S,EUR,Direct
001IV00001OqxYmYAJ,012IV000001jKlBYAU,APERAM ALLOYS AMILLY - C&S - 2026,Closed - Won,2026-01-01,Pixid FR,Pack C&S,EUR,Direct
001IV000015S542YAC,012IV000001jKlBYAU,IKEA - C&S - 2026,Closed - Won,2026-01-01,Pixid FR,Pack C&S,EUR,Direct
001IV000015SCZCYA4,012IV000001jKlBYAU,LIEBHERR FRANCE - C&S - 2026,Closed - Won,2026-01-01,Pixid FR,Pack C&S,EUR,Direct
