Contact__c,Offer__c,RoleForPixid__c
003IV000010rdEGYAY,a1KIV00001EklUc2AJ,Manager
003IV000010rePXYAY,a1KIV00001EklTG2AZ,Manager
003IV000010reP6YAI,a1KIV00001EkmQr2AJ,Manager
003IV000010rm0LYAQ,a1KIV00001EklTZ2AZ,Manager
003IV0000117EcgYAE,a1KIV00001EqTv02AF,Manager
003IV000010t3fKYAQ,a1KIV00001EkpOW2AZ,Manager
003IV000010rXfSYAU,a1KIV00001EklRf2AJ,Manager
003IV000010tWRKYA2,a1KIV00001EklZp2AJ,Manager
003IV000010tHHgYAM,a1KIV00001EklRb2AJ,Manager
003IV000010t9xnYAA,a1KIV00001EkpPA2AZ,Manager
003IV000010scimYAA,a1KIV00001EkpMG2AZ,Manager
003IV0000117EFRYA2,a1KIV00001EqR3F2AV,Manager
003IV000010rmTTYAY,a1KIV00001EkpVr2AJ,Manager
003IV0000117EbWYAU,a1KIV00001EqTuW2AV,Manager
003IV000010rePfYAI,a1KIV00001EklZp2AJ,Manager
003IV000010rePAYAY,a1KIV00001EklRb2AJ,Manager
003IV000010tHI8YAM,a1KIV00001EklSS2AZ,Manager
003IV000018MvhOYAS,a1KIV00001EoMAE2A3,Manager
003IV0000117EelYAE,a1KIV00001EqTq82AF,Manager
003IV000010rdj2YAA,a1KIV00001EklSY2AZ,Manager
003IV0000117EbAYAU,a1KIV00001EqTtj2AF,Manager
003IV000010tJxcYAE,a1KIV00001EklT92AJ,Manager
003IV0000117EcTYAU,a1KIV00001EqTuv2AF,Manager
003IV000010ro9NYAQ,a1KIV00001EklS22AJ,Manager
003IV000010rdj4YAA,a1KIV00001EklS22AJ,Manager
003IV000010t1WxYAI,a1KIV00001EklSN2AZ,Manager
003IV000010tQP4YAM,a1KIV00001EklRu2AJ,Manager
003IV000010rePZYAY,a1KIV00001EklTG2AZ,Manager
003IV000010rePeYAI,a1KIV00001EklTF2AZ,Manager
003IV000010tJh0YAE,a1KIV00001Ekla42AB,Manager
003IV000010sw8xYAA,a1KIV00001EklRw2AJ,Manager
003IV0000117EekYAE,a1KIV00001EqTq72AF,Manager
003IV0000117DcUYAU,a1KIV00001EqTtv2AF,Manager
003IV000010tJgzYAE,a1KIV00001Ekla42AB,Manager
003IV000010tJxeYAE,a1KIV00001EklZ22AJ,Manager
003IV000010tJgxYAE,a1KIV00001Ekla42AB,Manager
003IV000018MvDMYA0,a1KIV00001GFIpb2AH,Manager
003IV000018MvCWYA0,a1KIV00001GFIpb2AH,Manager
003IV000010tRPMYA2,a1KIV00001EkpPY2AZ,Manager
003IV000010t31SYAQ,a1KIV00001EkpUX2AZ,Manager
003IV000010rv6mYAA,a1KIV00001EklRZ2AZ,Manager
003IV00001175hDYAQ,a1KIV00001EqTpk2AF,Manager
003IV0000117EboYAE,a1KIV00001EqTuc2AF,Manager
003IV000010sr1lYAA,a1KIV00001Ekpag2AB,Sponsor Contact
003IV000010tQJ2YAM,a1KIV00001EkpQ22AJ,Sponsor Contact
003IV0000117EEXYA2,a1KIV00001EqR2y2AF,Manager
003IV000010tSsoYAE,a1KIV00001EkpVU2AZ,Manager
003IV000010sfpUYAQ,a1KIV00001EkpXx2AJ,Sponsor Contact
003IV000010rdj3YAA,a1KIV00001EklS22AJ,Manager
003IV000010t1EJYAY,a1KIV00001EklS22AJ,Manager
003IV000010ruRXYAY,a1KIV00001EklSY2AZ,Manager
003IV000010tHIEYA2,a1KIV00001EklRe2AJ,Manager
003IV000010rv2lYAA,a1KIV00001EklRc2AJ,Manager
003IV0000117EbiYAE,a1KIV00001EqTub2AF,Manager
003IV000010rlgtYAA,a1KIV00001EkpRu2AJ,Sponsor Contact
003IV000010rv6wYAA,a1KIV00001EklRf2AJ,Manager
003IV000018MJ4hYAG,a1KIV00001EoMAE2A3,Manager
003IV0000117EbrYAE,a1KIV00001EqTue2AF,Manager
003IV000010rePPYAY,a1KIV00001EklRf2AJ,Manager
003IV000010tBsAYAU,a1KIV00001EklRj2AJ,Manager
003IV000010tCSsYAM,a1KIV00001EkpPW2AZ,Manager
003IV00001175hOYAQ,a1KIV00001EqTpn2AF,Manager
003IV000018MvkrYAC,a1KIV00001GFIpb2AH,Manager
003IV000010reQjYAI,a1KIV00001EklRw2AJ,Manager
003IV000010tLTgYAM,a1KIV00001EklWu2AJ,Sponsor Contact
003IV000010rePxYAI,a1KIV00001EklS22AJ,Manager
003IV000010rcBrYAI,a1KIV00001EklRn2AJ,Manager
003IV000010rePjYAI,a1KIV00001EklZp2AJ,Manager
003IV000010t3flYAA,a1KIV00001EklRd2AJ,Manager
003IV000010roSgYAI,a1KIV00001EklRc2AJ,Manager
003IV0000117EatYAE,a1KIV00001EqTtd2AF,Manager
003IV0000117EfMYAU,a1KIV00001EqTqU2AV,Manager
003IV000010tJWYYA2,a1KIV00001EklTP2AZ,Manager
003IV000010tJxbYAE,a1KIV00001EklZK2AZ,Manager
003IV0000117EG4YAM,a1KIV00001EqR3X2AV,Manager
003IV000010rmleYAA,a1KIV00001EklRt2AJ,Manager
003IV000010tBYEYA2,a1KIV00001EkpLm2AJ,Sponsor Contact
003IV0000116wm9YAA,a1KIV00001EqTob2AF,Manager
003IV000010tHI5YAM,a1KIV00001EklRh2AJ,Manager
003IV000018MqLTYA0,a1KIV00001GFIpb2AH,Manager
003IV000010rePBYAY,a1KIV00001EklRb2AJ,Manager
003IV0000117DdjYAE,a1KIV00001EqTuT2AV,Manager
003IV0000117EbRYAU,a1KIV00001EqTuT2AV,Manager
003IV000010rpAXYAY,a1KIV00001EklZn2AJ,Manager
003IV000010tHI4YAM,a1KIV00001EklRh2AJ,Manager
003IV000010rdixYAA,a1KIV00001EklTG2AZ,Manager
003IV000010tHIDYA2,a1KIV00001EklRe2AJ,Manager
003IV000010tWONYA2,a1KIV00001EoMMl2AN,Manager
003IV000010tJzrYAE,a1KIV00001EklRc2AJ,Manager
003IV0000117EDOYA2,a1KIV00001EqTv12AF,Manager
003IV000010rMAmYAM,a1KIV00001EklbQ2AR,Manager
003IV0000117EUNYA2,a1KIV00001EqTsM2AV,Manager
003IV0000117EElYAM,a1KIV00001EqR312AF,Manager
003IV0000117EbdYAE,a1KIV00001EqTuY2AV,Manager
003IV000010tHJqYAM,a1KIV00001EklRe2AJ,Manager
003IV000010ruTtYAI,a1KIV00001EklRw2AJ,Manager
003IV0000117EEEYA2,a1KIV00001EqR2s2AF,Manager
003IV000010tTsUYAU,a1KIV00001EkpLs2AJ,Manager
003IV000010tQO6YAM,a1KIV00001EklRs2AJ,Manager
003IV000010rePCYAY,a1KIV00001EklRb2AJ,Manager
003IV000018MvzqYAC,a1KIV00001H06i22AB,Manager
003IV000018MvzrYAC,a1KIV00001H06i22AB,Manager
003IV0000117EK8YAM,a1KIV00001EqR2p2AF,Manager
003IV000010rdizYAA,a1KIV00001EklS22AJ,Manager
003IV000010rv6XYAQ,a1KIV00001EklS22AJ,Manager
003IV000010tCNJYA2,a1KIV00001EklTZ2AZ,Manager
003IV000010rp6vYAA,a1KIV00001EkpMJ2AZ,Manager
003IV000010tSuGYAU,a1KIV00001EkpQL2AZ,Manager
003IV0000117EEUYA2,a1KIV00001EqR2x2AF,Manager
003IV000010rv2mYAA,a1KIV00001EklRc2AJ,Manager
003IV000010taO2YAI,a1KIV00001EkpLs2AJ,Sponsor Contact
003IV000010tENnYAM,a1KIV00001EklZn2AJ,Manager
003IV000010rePWYAY,a1KIV00001EklTG2AZ,Manager
003IV000018MvlFYAS,a1KIV00001H06fi2AB,Manager
003IV000010rv6SYAQ,a1KIV00001EklRt2AJ,Manager
003IV0000117EE9YAM,a1KIV00001EqR2p2AF,Manager
003IV0000117EcAYAU,a1KIV00001EqTup2AF,Manager
003IV000010rePdYAI,a1KIV00001EklTG2AZ,Manager
003IV000010t1WwYAI,a1KIV00001EklSN2AZ,Manager
003IV000010tHHqYAM,a1KIV00001EklbH2AR,Manager
003IV000010reP5YAI,a1KIV00001EkmQr2AJ,Manager
003IV000010sw8yYAA,a1KIV00001EklRu2AJ,Manager
003IV000010tCNiYAM,a1KIV00001EklTZ2AZ,Manager
003IV0000117ETxYAM,a1KIV00001EqTqA2AV,Manager
003IV000010roH3YAI,a1KIV00001EklSN2AZ,Manager
003IV000010tTsXYAU,a1KIV00001EkpxM2AR,Manager
003IV000010rd9JYAQ,a1KIV00001EklRn2AJ,Manager
003IV000010tRPvYAM,a1KIV00001EoMMa2AN,Sponsor Contact
003IV000011R7PKYA0,a1KIV00001R4OGb2AN,Manager
003IV000010rXdyYAE,a1KIV00001Ekpbz2AB,Manager
003IV000010tSroYAE,a1KIV00001Ekpbz2AB,Manager
003IV0000117EemYAE,a1KIV00001EqTq82AF,Manager
003IV000010rmSGYAY,a1KIV00001EkpM82AJ,Manager
003IV0000117EKCYA2,a1KIV00001EqR2p2AF,Manager
003IV000010t9y1YAA,a1KIV00001EkpLv2AJ,Manager
003IV000010t1GDYAY,a1KIV00001EklSS2AZ,Manager
003IV000010rdEZYAY,a1KIV00001EkpOD2AZ,Sponsor Contact
003IV00001175gGYAQ,a1KIV00001EqTpM2AV,Manager
003IV000010rXm4YAE,a1KIV00001Ekld32AB,Manager
003IV00001175gPYAQ,a1KIV00001EqTpQ2AV,Manager
003IV000010rnLMYAY,a1KIV00001EklRt2AJ,Manager
003IV000018Mw2pYAC,a1KIV00001EoMAE2A3,Sponsor Contact
003IV000010rLKoYAM,a1KIV00001EkpRA2AZ,Manager
003IV0000117EDHYA2,a1KIV00001EqTq22AF,Manager
003IV000010rtmWYAQ,a1KIV00001Eogun2AB,Manager
003IV000010t3hWYAQ,a1KIV00001EklRx2AJ,Manager
003IV000010tQRDYA2,a1KIV00001EklRs2AJ,Manager
003IV000010rdj0YAA,a1KIV00001EklTG2AZ,Manager
003IV000010t1vKYAQ,a1KIV00001EkpLk2AJ,Sponsor Contact
003IV000010reP9YAI,a1KIV00001EkmQr2AJ,Manager
003IV000010t9oiYAA,a1KIV00001EklTE2AZ,Manager
003IV000010tCNgYAM,a1KIV00001EklTZ2AZ,Manager
003IV000010tTx0YAE,a1KIV00001EklRh2AJ,Manager
003IV000010rcloYAA,a1KIV00001EklUB2AZ,Manager
003IV000010rdj6YAA,a1KIV00001EklSY2AZ,Manager
003IV000018MvgyYAC,a1KIV00001EogTt2AJ,Manager
003IV000018MvgzYAC,a1KIV00001EogTt2AJ,Manager
003IV000018Mvh0YAC,a1KIV00001EogTt2AJ,Manager
003IV000010tRadYAE,a1KIV00001Ekpzp2AB,Sponsor Contact
003IV000018MvlHYAS,a1KIV00001EoMAO2A3,Sponsor Contact
003IV000010tSu4YAE,a1KIV00001EkpQF2AZ,Manager
003IV0000117EenYAE,a1KIV00001EqTq92AF,Manager
003IV000010rnGsYAI,a1KIV00001Ekpmr2AB,Manager
003IV000010rlmKYAQ,a1KIV00001EklRc2AJ,Manager
003IV000010reP8YAI,a1KIV00001EkmQr2AJ,Manager
003IV000010tHHtYAM,a1KIV00001EklSN2AZ,Manager
003IV000010tDM6YAM,a1KIV00001EklS22AJ,Manager
003IV000010tGRIYA2,a1KIV00001EklRw2AJ,Manager
003IV000010rvAQYAY,a1KIV00001EklbH2AR,Manager
003IV0000117EL2YAM,a1KIV00001EqR302AF,Manager
003IV0000117EaTYAU,a1KIV00001EqTtU2AV,Manager
003IV000010rtpFYAQ,a1KIV00001EkpVw2AJ,Manager
003IV00001175hLYAQ,a1KIV00001EqTpn2AF,Manager
003IV0000117EFkYAM,a1KIV00001EqR3K2AV,Manager
003IV000010sp6MYAQ,a1KIV00001EkpRB2AZ,Manager
003IV000010tPasYAE,a1KIV00001EkpVN2AZ,Sponsor Contact
003IV000010reP7YAI,a1KIV00001EkmQr2AJ,Manager
003IV000010rePcYAI,a1KIV00001EklTG2AZ,Manager
003IV00001175h5YAA,a1KIV00001EqTph2AF,Manager
003IV000010ruVTYAY,a1KIV00001EklRw2AJ,Manager
003IV0000117EgoYAE,a1KIV00001EqTtk2AF,Manager
003IV000010rLikYAE,a1KIV00001EkpNj2AJ,Manager
003IV000010reGvYAI,a1KIV00001EklRi2AJ,Manager
003IV0000117EELYA2,a1KIV00001EqR2u2AF,Manager
003IV000010rteOYAQ,a1KIV00001EklRi2AJ,Manager
003IV0000117EDiYAM,a1KIV00001EqR2f2AF,Manager
003IV000010t9xrYAA,a1KIV00001EkpPS2AZ,Manager
003IV000010reGuYAI,a1KIV00001EklRi2AJ,Manager
003IV000010tWT7YAM,a1KIV00001EklRi2AJ,Manager
003IV0000117ETwYAM,a1KIV00001EqTqA2AV,Manager
003IV000018FgRjYAK,a1KIV00001EqTsM2AV,Manager
003IV0000117EYUYA2,a1KIV00001EqTsj2AF,Manager
003IV000010rcBUYAY,a1KIV00001EklbH2AR,Manager
003IV000010tEOLYA2,a1KIV00001EklZn2AJ,Manager
003IV0000117EKxYAM,a1KIV00001EqR302AF,Manager
003IV000010tSuaYAE,a1KIV00001Ekppc2AB,Sponsor Contact
003IV000010rLaPYAU,a1KIV00001EkpQH2AZ,Manager
003IV000010tBs9YAE,a1KIV00001EoMMX2A3,Manager
003IV0000117EEHYA2,a1KIV00001EqR2s2AF,Manager
003IV000010rkmnYAA,a1KIV00001EklSY2AZ,Manager
003IV000012LDCqYAO,a1Kci00000F4aIoEAJ,Manager
003IV000010ruJgYAI,a1KIV00001EkpLx2AJ,Manager
003IV000018MdHXYA0,a1KIV00001GFIpb2AH,Manager
003IV0000116nPHYAY,a1KIV00001EqTq12AF,Manager
003IV0000117EgrYAE,a1KIV00001EqTu12AF,Manager
003IV000010rtPdYAI,a1KIV00001EkpPW2AZ,Manager
003IV000010rv6QYAQ,a1KIV00001EklRf2AJ,Manager
003IV000010rcpxYAA,a1KIV00001EklS22AJ,Manager
003IV000018MszQYAS,a1KIV00001Pq2V42AJ,Manager
003IV00001175hPYAQ,a1KIV00001EqTpn2AF,Manager
003IV00001175gsYAA,a1KIV00001EqTpb2AF,Manager
003IV000010tRzPYAU,a1KIV00001EkpvT2AR,Sponsor Contact
003IV000010tOb8YAE,a1KIV00001EkpNk2AJ,Sponsor Contact
003IV000010rePhYAI,a1KIV00001EklZp2AJ,Manager
003IV000010rlmGYAQ,a1KIV00001EklRf2AJ,Manager
003IV000018Mv96YAC,a1KIV00001Eoguj2AB,Manager
003IV000010ro1yYAA,a1KIV00001EkpMc2AJ,Manager
003IV000010tK0HYAU,a1KIV00001EklTE2AZ,Manager
003IV000010re4WYAQ,a1KIV00001EklTF2AZ,Manager
003IV000010tJWWYA2,a1KIV00001EklTO2AZ,Manager
003IV000010tCNIYA2,a1KIV00001EklTZ2AZ,Manager
003IV000010rePqYAI,a1KIV00001EklbH2AR,Manager
003IV000018MLEjYAO,a1KIV00001EoMAC2A3,Manager
003IV000010tTxcYAE,a1KIV00001EkmQr2AJ,Manager
003IV00001175gIYAQ,a1KIV00001EqTpO2AV,Manager
003IV000018Mw26YAC,a1KIV00001EoMAE2A3,Manager
003IV000010t2iJYAQ,a1KIV00001EklRi2AJ,Manager
003IV000010tHJrYAM,a1KIV00001EklTi2AJ,Manager
003IV000018MvzFYAS,a1KIV00001EoMAk2AN,Manager
003IV000010reTkYAI,a1KIV00001EklRr2AJ,Manager
003IV000018MvsSYAS,a1KIV00001EoMAG2A3,Manager
003IV0000116wmTYAQ,a1KIV00001EqToj2AF,Manager
003IV0000117EZfYAM,a1KIV00001EqTt52AF,Manager
003IV0000117EgXYAU,a1KIV00001EqTsT2AV,Manager
003IV000010rv6NYAQ,a1KIV00001EklTG2AZ,Manager
003IV000010rMTkYAM,a1KIV00001EkpM52AJ,Sponsor Contact
003IV000010rMINYA2,a1KIV00001EkpM12AJ,Manager
003IV0000117Ec6YAE,a1KIV00001EqTul2AF,Manager
003IV000010rePbYAI,a1KIV00001EklTG2AZ,Manager
003IV000010tNlpYAE,a1KIV00001Ekpah2AB,Sponsor Contact
003IV000010tTq9YAE,a1KIV00001Ekpai2AB,Sponsor Contact
003IV000010rvAGYAY,a1KIV00001EklbH2AR,Manager
003IV000010tOTHYA2,a1KIV00001EkpXN2AZ,Sponsor Contact
003IV000010rmTiYAI,a1KIV00001EklXf2AJ,Manager
003IV0000117EadYAE,a1KIV00001EqTtX2AV,Manager
003IV0000117EKRYA2,a1KIV00001EqR2s2AF,Manager
003IV00001175hFYAQ,a1KIV00001EqTpk2AF,Manager
003IV000010ruYmYAI,a1KIV00001EklS22AJ,Manager
003IV000010rtPsYAI,a1KIV00001EklRb2AJ,Manager
003IV000010tHI3YAM,a1KIV00001EklRh2AJ,Manager
003IV000018MvPvYAK,a1Kci00000F4aIoEAJ,Manager
003IV000010rePgYAI,a1KIV00001EklZp2AJ,Manager
003IV000018Mt03YAC,a1KIV00001GFIpb2AH,Manager
003IV000010tJxYYAU,a1KIV00001Ekla12AB,Manager
003IV0000117EDfYAM,a1KIV00001EqR2f2AF,Manager
003IV000010rmkvYAA,a1KIV00001EkpNx2AJ,Manager
003IV0000117EgqYAE,a1KIV00001EqTtl2AF,Manager
003IV000010tOgwYAE,a1KIV00001EkpLn2AJ,Sponsor Contact
003IV0000117EcPYAU,a1KIV00001EqTuu2AF,Manager
003IV000010tJxZYAU,a1KIV00001Eklc62AB,Manager
003IV000010tJgyYAE,a1KIV00001Ekla42AB,Manager
003IV0000117EahYAE,a1KIV00001EqTtY2AV,Manager
003IV0000117Eb4YAE,a1KIV00001EqTth2AF,Manager
003IV000010tQOOYA2,a1KIV00001EklRn2AJ,Manager
003IV000010t172YAA,a1KIV00001EklT62AJ,Manager
003IV0000116wlLYAQ,a1KIV00001EqR3Q2AV,Manager
003IV000010tJpzYAE,a1KIV00001EklTU2AZ,Manager
003IV000010rXDYYA2,a1KIV00001EklRf2AJ,Manager
003IV000010rXDRYA2,a1KIV00001EklRf2AJ,Manager
003IV000010rLiXYAU,a1KIV00001EkpOZ2AZ,Manager
003IV0000117EK4YAM,a1KIV00001EqR2l2AF,Manager
003IV000010rLaSYAU,a1KIV00001EkpiB2AR,Manager
003IV0000117EDXYA2,a1KIV00001EqTtq2AF,Manager
003IV000010rvGpYAI,a1KIV00001EklTG2AZ,Manager
003IV000010t3jIYAQ,a1KIV00001EklT52AJ,Manager
003IV0000117EcoYAE,a1KIV00001EqR2d2AF,Manager
003IV0000117EYYYA2,a1KIV00001EqTsk2AF,Manager
003IV000010tQO1YAM,a1KIV00001EklSS2AZ,Manager
003IV000010rtdnYAA,a1KIV00001EkpLk2AJ,Manager
003IV000010tCNXYA2,a1KIV00001EklTZ2AZ,Manager
003IV000010tCNYYA2,a1KIV00001EklTZ2AZ,Manager
003IV000010rN0GYAU,a1KIV00001Ekprg2AB,Manager
003IV000010rXT5YAM,a1KIV00001EklSN2AZ,Manager
003IV0000117EcKYAU,a1KIV00001EqTut2AF,Manager
003IV000010rePoYAI,a1KIV00001EklbH2AR,Manager
003IV000018MvMOYA0,a1KIV00001H06fi2AB,Manager
003IV000010rv7OYAQ,a1KIV00001EklZp2AJ,Manager
003IV000010t9pnYAA,a1KIV00001EklYz2AJ,Manager
003IV000010rtlqYAA,a1KIV00001EklRw2AJ,Manager
003IV000010tENdYAM,a1KIV00001EklTD2AZ,Manager
003IV0000117EPXYA2,a1KIV00001EqTpA2AV,Manager
003IV000010reGtYAI,a1KIV00001EklRi2AJ,Manager
003IV000010tHHrYAM,a1KIV00001EklZp2AJ,Manager
003IV000010rtlvYAA,a1KIV00001Ekpt52AB,Manager
003IV000010tCNKYA2,a1KIV00001EklTZ2AZ,Manager
003IV0000116wmIYAQ,a1KIV00001EqToc2AF,Manager
003IV000010ro8WYAQ,a1KIV00001EklRm2AJ,Manager
003IV000010tTslYAE,a1KIV00001EkpWn2AJ,Sponsor Contact
003IV000010t9xsYAA,a1KIV00001EoMMs2AN,Manager
003IV000016jwvIYAQ,a1KIV00001EqTqG2AV,Manager
003IV000018MvDaYAK,a1KIV00001EqTqG2AV,Manager
003IV000016jqLLYAY,a1KIV00001EqTqQ2AV,Manager
003IV000018MvDbYAK,a1KIV00001EqTqQ2AV,Manager
003IV000010rdj5YAA,a1KIV00001EklS22AJ,Manager
003IV000018MvCtYAK,a1KIV00001H06fi2AB,Manager
003IV000010roH1YAI,a1KIV00001EklbH2AR,Manager
003IV000010tSuIYAU,a1KIV00001Ekpb12AB,Manager
003IV0000116nPVYAY,a1KIV00001EqR2d2AF,Manager
003IV000010ronyYAA,a1KIV00001EklTC2AZ,Manager
003IV000010rePiYAI,a1KIV00001EklZp2AJ,Manager
003IV000018McabYAC,a1KIV00001H06i02AB,Manager
003IV000010ror9YAA,a1KIV00001EkpLw2AJ,Manager
003IV000010tQO7YAM,a1KIV00001EklRs2AJ,Manager
003IV00001175hCYAQ,a1KIV00001EqTpk2AF,Manager
003IV0000116wlkYAA,a1KIV00001EqR3X2AV,Manager
003IV0000117EDkYAM,a1KIV00001EqR2h2AF,Manager
003IV000010tAfXYAU,a1KIV00001EkpNg2AJ,Sponsor Contact
003IV000010rMTQYA2,a1KIV00001EklT62AJ,Manager
003IV000010rM66YAE,a1KIV00001EkpQ12AJ,Manager
003IV000010rMsSYAU,a1KIV00001EkpLV2AZ,Manager
003IV000010rukxYAA,a1KIV00001EklTT2AZ,Manager
003IV0000117EU2YAM,a1KIV00001EqTqD2AV,Manager
003IV000010tCNaYAM,a1KIV00001EklTZ2AZ,Manager
003IV000010ru6dYAA,a1KIV00001EklRZ2AZ,Manager
003IV0000116nPeYAI,a1KIV00001EqR3T2AV,Manager
003IV000010tENEYA2,a1KIV00001EklZY2AZ,Manager
003IV0000117EKcYAM,a1KIV00001EqR2w2AF,Manager
003IV000010rMJgYAM,a1KIV00001EklRn2AJ,Manager
003IV000010rn80YAA,a1KIV00001Ekpmf2AB,Manager
003IV000010rMSOYA2,a1KIV00001EklRh2AJ,Manager
003IV000010rdnLYAQ,a1KIV00001EklT62AJ,Manager
003IV000010tStMYAU,a1KIV00001EkpVc2AJ,Manager
003IV000010rmaCYAQ,a1KIV00001EklY12AJ,Manager
003IV000018MvkeYAC,a1Kci00000F4aIoEAJ,Manager
003IV000010tOgxYAE,a1KIV00001EkpLn2AJ,Sponsor Contact
003IV0000117EKwYAM,a1KIV00001EqR302AF,Manager
003IV0000117ETkYAM,a1KIV00001EqTq22AF,Manager
003IV000010rdj1YAA,a1KIV00001EklSY2AZ,Manager
003IV000010tJgwYAE,a1KIV00001Ekla42AB,Manager
003IV000010tJxdYAE,a1KIV00001EklZK2AZ,Manager
003IV000010tBXCYA2,a1KIV00001Ekld32AB,Manager
003IV000010rv7EYAQ,a1KIV00001EklRi2AJ,Manager
003IV000010tStIYAU,a1KIV00001EkpVh2AJ,Manager
003IV000010rt9XYAQ,a1KIV00001EkpqE2AR,Manager
003IV000010rMS9YAM,a1KIV00001EklS22AJ,Manager
003IV000010tSspYAE,a1KIV00001EkpVU2AZ,Manager
003IV000010rv7HYAQ,a1KIV00001EklS22AJ,Manager
003IV000010rePVYAY,a1KIV00001EklTG2AZ,Manager
003IV0000117DdcYAE,a1KIV00001EqTuR2AV,Manager
003IV0000117EKbYAM,a1KIV00001EqR2w2AF,Manager
003IV000010tWRFYA2,a1KIV00001EklTF2AZ,Manager
003IV000010rnK8YAI,a1KIV00001EklTG2AZ,Manager
003IV000010reGsYAI,a1KIV00001EklRi2AJ,Manager
003IV0000117EUrYAM,a1KIV00001EqTsh2AF,Manager
003IV000018McagYAC,a1KIV00001EoMAV2A3,Manager
003IV000010tCNWYA2,a1KIV00001EklTZ2AZ,Manager
003IV000010rv3dYAA,a1KIV00001EklZh2AJ,Manager
003IV000010tLbsYAE,a1KIV00001EklRs2AJ,Manager
003IV0000117EaXYAU,a1KIV00001EqTtV2AV,Manager
003IV000010tCNZYA2,a1KIV00001EklTZ2AZ,Manager
003IV0000117EceYAE,a1KIV00001EqTuz2AF,Manager
003IV000010ruYeYAI,a1KIV00001EklRZ2AZ,Manager
003IV000010tBs8YAE,a1KIV00001EklTz2AJ,Manager
003IV000018McvqYAC,a1KIV00001GFIpb2AH,Manager
003IV000010rePOYAY,a1KIV00001EklRf2AJ,Manager
003IV0000117EbbYAE,a1KIV00001EqTuY2AV,Manager
003IV000010tJgSYAU,a1KIV00001EoMMa2AN,Manager
003IV0000117EEJYA2,a1KIV00001EqR2t2AF,Manager
003IV0000117EeqYAE,a1KIV00001EqTqB2AV,Manager
003IV000010tRyTYAU,a1KIV00001EkpW22AJ,Manager
003IV000010tLU3YAM,a1KIV00001EkpVd2AJ,Sponsor Contact
003IV0000117EgpYAE,a1KIV00001EqTtk2AF,Manager
003IV000010tQP3YAM,a1KIV00001EklRu2AJ,Manager
003IV000010tWN4YAM,a1KIV00001EklRn2AJ,Manager
003IV000010tTpoYAE,a1KIV00001EkpLz2AJ,Sponsor Contact
003IV000010tQOUYA2,a1KIV00001EklRw2AJ,Manager
003IV000010ruU0YAI,a1KIV00001EkpLw2AJ,Manager
003IV000010reGxYAI,a1KIV00001EklRi2AJ,Manager
003IV000010tTsTYAU,a1KIV00001EkpQB2AZ,Sponsor Contact
003IV000010rtSHYAY,a1KIV00001EklZn2AJ,Manager
003IV000010t171YAA,a1KIV00001EklRb2AJ,Manager
003IV000010tHI6YAM,a1KIV00001EklRh2AJ,Manager
003IV0000117EEYYA2,a1KIV00001EqR2y2AF,Manager
